path,size_bytes,sha256,extension,is_pe,signed,digest_match,chain_verified,signer,issuer
BIN/AgentConfigManagerLib.dll,19016,3eb912e99216eafc4c8ce970c3f8575b1f211dfc1774f9504667523e1be2b102,.dll,True,True,True,True,"CN=Microsoft Corporation,O=Microsoft Corporation,L=Redmond,ST=Washington,C=US","CN=Microsoft Code Signing PCA 2011,O=Microsoft Corporation,L=Redmond,ST=Washington,C=US"
BIN/ConnectivityDiagnosis.exe,122928,a8f58da0f5885c733c4ca78ba3b4001ae7a41a63a16a0ecb121b68c4be7c717b,.exe,True,True,True,True,"CN=Microsoft Corporation,O=Microsoft Corporation,L=Redmond,ST=Washington,C=US","CN=Microsoft Code Signing PCA 2011,O=Microsoft Corporation,L=Redmond,ST=Washington,C=US"
BIN/Coreinfo.exe,931912,e58a44a5ab86c621e49ad45199175bc0a7c14751e63c38f56b1fc6576172504b,.exe,True,True,True,True,"CN=Microsoft Corporation,O=Microsoft Corporation,L=Redmond,ST=Washington,C=US","CN=Microsoft Code Signing PCA 2011,O=Microsoft Corporation,L=Redmond,ST=Washington,C=US"
BIN/DatabaseAnalyzer.exe,546360,6aec6fbc98a9419924055703a209c77b685ddad7676c406cd4474d23f292817f,.exe,True,True,True,True,"CN=Microsoft Corporation,O=Microsoft Corporation,L=Redmond,ST=Washington,C=US","CN=Microsoft Code Signing PCA 2011,O=Microsoft Corporation,L=Redmond,ST=Washington,C=US"
BIN/DisplayExtendedAttribute.exe,313416,19e9e4577157d0c7c04527757842369dac21ab3c1d1a5bda7d78998b17a545c3,.exe,True,True,True,True,"CN=Microsoft Corporation,O=Microsoft Corporation,L=Redmond,ST=Washington,C=US","CN=Microsoft Code Signing PCA 2011,O=Microsoft Corporation,L=Redmond,ST=Washington,C=US"
BIN/MDEClientAnalyzer.exe,891424,0ee5c392d4ac00bb2599607fb2321bf58be342b630ced04541c23f6cf3765aa1,.exe,True,True,True,True,"CN=Microsoft Corporation,O=Microsoft Corporation,L=Redmond,ST=Washington,C=US","CN=Microsoft Code Signing PCA 2011,O=Microsoft Corporation,L=Redmond,ST=Washington,C=US"
BIN/MDEClientAnalyzerPreviousVersion.exe,21544,948d0fb60f73686b363608b010b56620314a031b0434e041f5ec01fb03e5cb34,.exe,True,True,True,True,"CN=Microsoft Corporation,O=Microsoft Corporation,L=Redmond,ST=Washington,C=US","CN=Microsoft Code Signing PCA 2011,O=Microsoft Corporation,L=Redmond,ST=Washington,C=US"
BIN/Procmon.exe,4124728,5f334916a5b224bc6af7137608d63fdebcdfcc888e7e39946161bb472fab33b2,.exe,True,True,True,True,"CN=Microsoft Corporation,O=Microsoft Corporation,L=Redmond,ST=Washington,C=US","CN=Microsoft Code Signing PCA 2011,O=Microsoft Corporation,L=Redmond,ST=Washington,C=US"
BIN/SQLCheck.exe,185320,41c4ce0a9260637568a6c70f0cfa53861b2f2cd16be4d7b5fff8059fb09befad,.exe,True,True,True,True,"CN=Microsoft Corporation (Internal Use Only),O=Microsoft Corporation,L=Redmond,ST=Washington,C=US",CN=MSIT CA Z1
BIN/SampleGeneralProfileForLargeServers.wprp,3232,c0edf3f334521b96619e050836fb8ab2dbc8e0ec44cf7b2da07422b4e56a5b40,.wprp,,,,,,
BIN/Showpriv.exe,19320,91d30d1a253ca3b359985b6045bc1a3cf4763a845251a5719784077f7bb5a814,.exe,True,True,True,True,"CN=Microsoft Corporation,O=Microsoft Corporation,L=Redmond,ST=Washington,C=US","CN=Microsoft Code Signing PCA 2011,O=Microsoft Corporation,L=Redmond,ST=Washington,C=US"
BIN/Sysmon.exe,6260160,8e7367571937a274c90a0e338f09768dba83635f75a2f87e8425e192a1eb6a46,.exe,True,True,True,True,"CN=Microsoft Windows Publisher,O=Microsoft Corporation,L=Redmond,ST=Washington,C=US","CN=Microsoft Windows Production PCA 2011,O=Microsoft Corporation,L=Redmond,ST=Washington,C=US"
BIN/VmlTrace.exe,216616,480998ee3a5fe83d779c602491e241b735fcd979441a49ba4b1a8e9295b88cc4,.exe,True,True,True,True,"CN=Microsoft Corporation,O=Microsoft Corporation,L=Redmond,ST=Washington,C=US","CN=Microsoft Code Signing PCA 2011,O=Microsoft Corporation,L=Redmond,ST=Washington,C=US"
BIN/VmlTrace_2012.exe,66088,373ba03d60cf7239741b2d42beffff02d9f75c99d671f58bfe62baf49b45ce50,.exe,True,True,True,True,"CN=Microsoft Corporation,O=Microsoft Corporation,L=Redmond,ST=Washington,C=US","CN=Microsoft Code Signing PCA 2011,O=Microsoft Corporation,L=Redmond,ST=Washington,C=US"
BIN/WinHTTPDiag.exe,185368,fe28bb3894e170bd4766c47d2ddfb75e22cfc54482fb29801dfdad08fb5124ee,.exe,True,True,True,True,"CN=Microsoft Corporation,O=Microsoft Corporation,L=Redmond,ST=Washington,C=US","CN=Microsoft Code Signing PCA 2011,O=Microsoft Corporation,L=Redmond,ST=Washington,C=US"
BIN/accesschk.exe,1468488,aec4e27eeca1b0b1be80c0256e50e13eaad2a61e5e4f80401d94272f4bdd57dd,.exe,True,True,True,True,"CN=Microsoft Corporation,O=Microsoft Corporation,L=Redmond,ST=Washington,C=US","CN=Microsoft Code Signing PCA 2011,O=Microsoft Corporation,L=Redmond,ST=Washington,C=US"
BIN/autorunsc.exe,734008,b66f927165a8e2616d7a48d8bd6bdad254bac480411a8590fd3961ba94d61c93,.exe,True,True,True,True,"CN=Microsoft Corporation,O=Microsoft Corporation,L=Redmond,ST=Washington,C=US","CN=Microsoft Code Signing PCA 2024,O=Microsoft Corporation,C=US"
BIN/avdnettest.exe,3200544,69371603a8036afcd9ef7aeab6d9951ff0b259cc9c538a16c0737d9ca1cf28fe,.exe,True,True,True,True,"CN=Microsoft Corporation,O=Microsoft Corporation,L=Redmond,ST=Washington,C=US","CN=Microsoft Code Signing PCA 2011,O=Microsoft Corporation,L=Redmond,ST=Washington,C=US"
BIN/devcon.exe,35192,6081dc1c88dbdcdd788bc50381ccf13a670c54e319eb1e105e165dd41da25dfc,.exe,True,True,True,True,"CN=Microsoft Corporation,O=Microsoft Corporation,L=Redmond,ST=Washington,C=US","CN=Microsoft Code Signing PCA 2011,O=Microsoft Corporation,L=Redmond,ST=Washington,C=US"
BIN/diskspd.exe,493600,05f1632277731b5ffc6d5715249436766cff1792de8cad0c46439e2531d9fe6d,.exe,True,True,True,True,"CN=Microsoft Corporation,O=Microsoft Corporation,L=Redmond,ST=Washington,C=US","CN=Microsoft Code Signing PCA 2011,O=Microsoft Corporation,L=Redmond,ST=Washington,C=US"
BIN/fruti_1903.exe,250920,b7aba83c8c572745d7cb9dd4ab88f6c72c2560da79160fa31772c6dc30c2373a,.exe,True,True,True,True,"CN=Microsoft Corporation,O=Microsoft Corporation,L=Redmond,ST=Washington,C=US","CN=Microsoft Code Signing PCA 2011,O=Microsoft Corporation,L=Redmond,ST=Washington,C=US"
BIN/fruti_RS1.exe,284712,22ccb64bb005f80633d7d3eac372e3b3ca26a12a38a948fd2173a55025fe00ee,.exe,True,True,True,True,"CN=Microsoft Corporation,O=Microsoft Corporation,L=Redmond,ST=Washington,C=US","CN=Microsoft Code Signing PCA 2011,O=Microsoft Corporation,L=Redmond,ST=Washington,C=US"
BIN/handle.exe,761400,944e1ca40ae0bd7e59f8bd526bfe7588b2f1b436769c347812c5049b9af17208,.exe,True,True,True,True,"CN=Microsoft Corporation,O=Microsoft Corporation,L=Redmond,ST=Washington,C=US","CN=Microsoft Code Signing PCA 2011,O=Microsoft Corporation,L=Redmond,ST=Washington,C=US"
BIN/kd.exe,172072,5b7dfc30524ca11248010b193c9140781eb53cd23aa315be10b976464d6f538f,.exe,True,True,True,True,"CN=Microsoft Corporation,O=Microsoft Corporation,L=Redmond,ST=Washington,C=US","CN=Microsoft Code Signing PCA 2011,O=Microsoft Corporation,L=Redmond,ST=Washington,C=US"
BIN/livekd.exe,1041976,314500fded7a30b0cd34d802759158592a1e7ad24959808d63f41f3b4b186baa,.exe,True,True,True,True,"CN=Microsoft Corporation,O=Microsoft Corporation,L=Redmond,ST=Washington,C=US","CN=Microsoft Code Signing PCA 2011,O=Microsoft Corporation,L=Redmond,ST=Washington,C=US"
BIN/npivtool.exe,119336,71f80b4bef6566a5fc2d70b6e9aabc0b260b737a1c6afe10500505d3aa38ad8f,.exe,True,True,True,True,"CN=Microsoft Corporation,O=Microsoft Corporation,L=Redmond,ST=Washington,C=US","CN=Microsoft Code Signing PCA 2011,O=Microsoft Corporation,L=Redmond,ST=Washington,C=US"
BIN/nvspinfo.exe,439736,6aeac26360aada19ee8679e8d7b593be30e62172f5c88c2fe7515bbb8cd9e3b3,.exe,True,True,True,True,"CN=Microsoft Windows,O=Microsoft Corporation,L=Redmond,ST=Washington,C=US","CN=Microsoft Windows Production PCA 2011,O=Microsoft Corporation,L=Redmond,ST=Washington,C=US"
BIN/perfctrl.dll,394696,8902da3794cad9f4787c62326c1a27b42a433b5e38feaebc3af04b45174f6bc8,.dll,True,True,True,True,"CN=Microsoft Corporation,O=Microsoft Corporation,L=Redmond,ST=Washington,C=US","CN=Microsoft Code Signing PCA 2010,O=Microsoft Corporation,L=Redmond,ST=Washington,C=US"
BIN/poolmon.exe,43560,f1fcb4b25486139042f9fd664d8012951ca365f3f2dfa314f319904fe2fb7cfd,.exe,True,True,True,True,"CN=Microsoft Corporation,O=Microsoft Corporation,L=Redmond,ST=Washington,C=US","CN=Microsoft Code Signing PCA 2011,O=Microsoft Corporation,L=Redmond,ST=Washington,C=US"
BIN/procdump.exe,724328,a43b4730afeb631988bf0c32bdc81eebcfef0993fe44a6d6246b1222b12d34e8,.exe,True,True,True,True,"CN=Microsoft Corporation,O=Microsoft Corporation,L=Redmond,ST=Washington,C=US","CN=Microsoft Code Signing PCA 2024,O=Microsoft Corporation,C=US"
BIN/psping.exe,287296,67f0738415287fe18473ef9bd56a8fc729e6ddcf7cc45e61f7eaf2908b84b9ed,.exe,True,True,True,True,"CN=Microsoft Corporation,O=Microsoft Corporation,L=Redmond,ST=Washington,C=US","CN=Microsoft Code Signing PCA 2011,O=Microsoft Corporation,L=Redmond,ST=Washington,C=US"
BIN/rpccfg.exe,56872,23f7990560166b35e89ce673abe8b2082e298134418a21bc90d2b549d44c389a,.exe,True,True,True,True,"CN=Microsoft Corporation,O=Microsoft Corporation,L=Redmond,ST=Washington,C=US","CN=Microsoft Code Signing PCA 2011,O=Microsoft Corporation,L=Redmond,ST=Washington,C=US"
BIN/rpcdump.exe,24608,fe8870943b34125bb20ce097462a3f2af8e77cbbe5316359054f4b53049a9723,.exe,True,True,True,True,"CN=Microsoft Corporation,O=Microsoft Corporation,L=Redmond,ST=Washington,C=US","CN=Microsoft Code Signing PCA 2011,O=Microsoft Corporation,L=Redmond,ST=Washington,C=US"
BIN/windowsperformancerecordercontrol.dll,1079328,71fb4cac1af31e6334b5d3089a2af980963e5692982873d632e4d6ba9badc419,.dll,True,True,True,True,"CN=Microsoft Corporation,O=Microsoft Corporation,L=Redmond,ST=Washington,C=US","CN=Microsoft Code Signing PCA 2011,O=Microsoft Corporation,L=Redmond,ST=Washington,C=US"
BIN/wpr.config.xml,726,005c96695a2a4b8a7cd204e336de77d75fac739973cbbf2aa47f5cae9de31817,.xml,,,,,,
BIN/wpr.exe,312872,8dde118324ffe2fbfd5a2bd09890bb90f96763e29f234d96a71da817a52a9779,.exe,True,True,True,True,"CN=Microsoft Corporation,O=Microsoft Corporation,L=Redmond,ST=Washington,C=US","CN=Microsoft Code Signing PCA 2011,O=Microsoft Corporation,L=Redmond,ST=Washington,C=US"
BIN/xperf.exe,460344,6506df33e38fa935a725de83f3179c58b2cc11ac843de115458bfee80c066e2b,.exe,True,True,True,True,"CN=Microsoft Corporation,O=Microsoft Corporation,L=Redmond,ST=Washington,C=US","CN=Microsoft Code Signing PCA 2010,O=Microsoft Corporation,L=Redmond,ST=Washington,C=US"
BINARM/NTttcp.exe,112160,4a1e4b406beb6511419414485d1a906ab2f801e19659583bbff46fc4d2b08c48,.exe,True,True,True,True,"CN=Microsoft Corporation,O=Microsoft Corporation,L=Redmond,ST=Washington,C=US","CN=Microsoft Code Signing PCA 2011,O=Microsoft Corporation,L=Redmond,ST=Washington,C=US"
BINARM/ProcDump.exe,726336,232a5e0020e51845fddf49e4243a3c809ffd8bfb83b01bccbecaebab7b051cd3,.exe,True,True,True,True,"CN=Microsoft Corporation,O=Microsoft Corporation,L=Redmond,ST=Washington,C=US","CN=Microsoft Code Signing PCA 2024,O=Microsoft Corporation,C=US"
BINARM/Procmon.exe,2213944,575b6bdf009a8bff529a4ca45a3c1ae39d8fac51982057fd0b4604e0550f40c5,.exe,True,True,True,True,"CN=Microsoft Corporation,O=Microsoft Corporation,L=Redmond,ST=Washington,C=US","CN=Microsoft Code Signing PCA 2011,O=Microsoft Corporation,L=Redmond,ST=Washington,C=US"
BINARM/Sysmon64a.exe,3138496,e0f3229d5a786cae59c7d5ec6e6052049e2103ed6fb8f12539d58b143986e0ab,.exe,True,True,True,True,"CN=Microsoft Windows Publisher,O=Microsoft Corporation,L=Redmond,ST=Washington,C=US","CN=Microsoft Windows Production PCA 2011,O=Microsoft Corporation,L=Redmond,ST=Washington,C=US"
BINARM/notmyfaultc.exe,1304936,74ba9d1354ab3b19aafc40751ab8b2923cb170eea4bc8c1554c9d09d4012a2b6,.exe,True,True,True,True,"CN=Microsoft Corporation,O=Microsoft Corporation,L=Redmond,ST=Washington,C=US","CN=Microsoft Code Signing PCA 2024,O=Microsoft Corporation,C=US"
BINx64/Checksym.exe,192048,a4a1cd71fdcc7f881853c84c906d1cc63f9cf532c7a3822771d59ee08fa444cd,.exe,True,True,True,True,"CN=Microsoft Corporation,O=Microsoft Corporation,L=Redmond,ST=Washington,C=US","CN=Microsoft Code Signing PCA 2011,O=Microsoft Corporation,L=Redmond,ST=Washington,C=US"
BINx64/NTttcp.exe,106552,d4cb19cbc3dc0fe76a325f87132ee49fc1392784ab367afda85026bbade6bf26,.exe,True,True,True,True,"CN=Microsoft Corporation,O=Microsoft Corporation,L=Redmond,ST=Washington,C=US","CN=Microsoft Code Signing PCA 2011,O=Microsoft Corporation,L=Redmond,ST=Washington,C=US"
BINx64/PsGetsid.exe,506424,b6bdfaa03e1e1ac8447a9eb8918a0fc4662ba028422ae854bd22588b962b006e,.exe,True,True,True,True,"CN=Microsoft Corporation,O=Microsoft Corporation,L=Redmond,ST=Washington,C=US","CN=Microsoft Code Signing PCA 2011,O=Microsoft Corporation,L=Redmond,ST=Washington,C=US"
BINx64/Pstat.exe,25656,d95f649023acf7145740bd1d5088e0607221dc6dcd369c50828440dce9817f12,.exe,True,True,True,True,"CN=Microsoft Corporation,O=Microsoft Corporation,L=Redmond,ST=Washington,C=US","CN=Microsoft Code Signing PCA 2011,O=Microsoft Corporation,L=Redmond,ST=Washington,C=US"
BINx64/RecorderCommandLine.exe,133160,a5d76d4e1763a1741e20fd15bfd781f5b20fe0929291d167c672c62cada6ad57,.exe,True,True,True,True,"CN=Microsoft Corporation,O=Microsoft Corporation,L=Redmond,ST=Washington,C=US","CN=Microsoft Code Signing PCA 2011,O=Microsoft Corporation,L=Redmond,ST=Washington,C=US"
BINx64/RecorderDll.dll,123432,1d73920a4f2b60621d0189d469945faa4af243c2a1724b3b29d715579b2a790e,.dll,True,True,True,True,"CN=Microsoft Corporation,O=Microsoft Corporation,L=Redmond,ST=Washington,C=US","CN=Microsoft Code Signing PCA 2011,O=Microsoft Corporation,L=Redmond,ST=Washington,C=US"
BINx64/SdkDll.dll,219168,434913ddf2cb888a37e9455f20117718a0a7e3c0f40fef194a605232d306ad56,.dll,True,True,True,True,"CN=Microsoft Corporation,O=Microsoft Corporation,L=Redmond,ST=Washington,C=US","CN=Microsoft Code Signing PCA 2011,O=Microsoft Corporation,L=Redmond,ST=Washington,C=US"
BINx64/cscdbdump.exe,249912,60c526aa251a37ca392c3895a5506e060f1154451a3f4841f31a2eb918252b78,.exe,True,True,True,True,"CN=Microsoft Corporation,O=Microsoft Corporation,L=Redmond,ST=Washington,C=US","CN=Microsoft Code Signing PCA 2011,O=Microsoft Corporation,L=Redmond,ST=Washington,C=US"
BINx64/ctsTraffic.exe,554536,1e79be1fec7b4f7d18f6efb34cd5107db378d6aa0270d958076371fb42dff5b2,.exe,True,True,True,True,"CN=Microsoft Corporation,O=Microsoft Corporation,L=Redmond,ST=Washington,C=US","CN=Microsoft Code Signing PCA 2011,O=Microsoft Corporation,L=Redmond,ST=Washington,C=US"
BINx64/dfsutil.exe,208952,274f6ecfee64f003b03d3c13a088f6ce46b8f9c2798c31c4483a97baf05d0324,.exe,True,True,True,True,"CN=Microsoft Corporation,O=Microsoft Corporation,L=Redmond,ST=Washington,C=US","CN=Microsoft Code Signing PCA 2011,O=Microsoft Corporation,L=Redmond,ST=Washington,C=US"
BINx64/dpmcmd.exe,217144,c8402690e9a20a9f1c380cf39393510feef533159cd83a85679fb1bf130b853a,.exe,True,True,True,True,"CN=Microsoft Corporation,O=Microsoft Corporation,L=Redmond,ST=Washington,C=US","CN=Microsoft Code Signing PCA 2011,O=Microsoft Corporation,L=Redmond,ST=Washington,C=US"
BINx64/du.exe,467000,2c889af1bf505258d6db8e649b806108d382a19a38a80e0cb1daa61371545e9c,.exe,True,True,True,True,"CN=Microsoft Corporation,O=Microsoft Corporation,L=Redmond,ST=Washington,C=US","CN=Microsoft Code Signing PCA 2011,O=Microsoft Corporation,L=Redmond,ST=Washington,C=US"
BINx64/evparse.exe,306744,7299eb5905692863a865691ba79fca01b2ae0ac2d8a0d76b7bea8489eb920818,.exe,True,True,True,True,"CN=Microsoft Corporation,O=Microsoft Corporation,L=Redmond,ST=Washington,C=US","CN=Microsoft Code Signing PCA 2011,O=Microsoft Corporation,L=Redmond,ST=Washington,C=US"
BINx64/fcinfo.exe,95304,d5059ea001becb79c627148acfe38d41fdd05ba3958f3f5f75644fd96c06dba9,.exe,True,True,True,True,"CN=Microsoft Corporation,O=Microsoft Corporation,L=Redmond,ST=Washington,C=US","CN=Microsoft Code Signing PCA 2011,O=Microsoft Corporation,L=Redmond,ST=Washington,C=US"
BINx64/get_dependencies.vbs,17906,4e43ea926ec9b71b34cf8563e227231dac7b887d638c8b5f7f6e3291f3392da0,.vbs,,,,,,
BINx64/hbaapi.dll,71736,3f8ca5a0c7bd468c667d535f9a6e7a48a046c6ddc5bdbbab5feb653d752c23ac,.dll,True,True,True,True,"CN=Microsoft Corporation,O=Microsoft Corporation,L=Redmond,ST=Washington,C=US","CN=Microsoft Code Signing PCA 2011,O=Microsoft Corporation,L=Redmond,ST=Washington,C=US"
BINx64/hbatapi.dll,40504,2da30e3045a35f0718b86599e7007654eab3c5944228f6adb50cbf5344800251,.dll,True,True,True,True,"CN=Microsoft Corporation,O=Microsoft Corporation,L=Redmond,ST=Washington,C=US","CN=Microsoft Code Signing PCA 2011,O=Microsoft Corporation,L=Redmond,ST=Washington,C=US"
BINx64/kdbgctrl.exe,84024,03f23cede0504c250fe4d4d50c114007bb006684a4e477bd46ed682f3cf662f3,.exe,True,True,True,True,"CN=Microsoft Corporation,O=Microsoft Corporation,L=Redmond,ST=Washington,C=US","CN=Microsoft Code Signing PCA 2011,O=Microsoft Corporation,L=Redmond,ST=Washington,C=US"
BINx64/latte.exe,45624,a7c2836202cecc09592cd48ba855290713a55ec6f96f25d24605568f7aa0ec3b,.exe,True,True,True,True,"CN=Microsoft Corporation,O=Microsoft Corporation,L=Redmond,ST=Washington,C=US","CN=Microsoft Code Signing PCA 2011,O=Microsoft Corporation,L=Redmond,ST=Washington,C=US"
BINx64/notmyfaultc.exe,1091392,6a948ce998d51de110dcd85330e0f8d51743171d07bb7f70a3bfcdbe43659f31,.exe,True,True,True,True,"CN=Microsoft Corporation,O=Microsoft Corporation,L=Redmond,ST=Washington,C=US","CN=Microsoft Code Signing PCA 2024,O=Microsoft Corporation,C=US"
BINx64/poolmon.exe,67136,013807c4f7950d41c13880a2ba6fb3231e3ce2b0ef99cc72d8088e2fc178a77c,.exe,True,True,True,True,"CN=Microsoft Corporation,O=Microsoft Corporation,L=Redmond,ST=Washington,C=US","CN=Microsoft Code Signing PCA 2010,O=Microsoft Corporation,L=Redmond,ST=Washington,C=US"
BINx64/tmq.exe,23080,0b7c6feba7f53289664dd4ecfb9e7cb32895a76ff293e4b9c805a506e2d09bad,.exe,True,True,True,True,"CN=Microsoft Corporation,O=Microsoft Corporation,L=Redmond,ST=Washington,C=US","CN=Microsoft Code Signing PCA 2011,O=Microsoft Corporation,L=Redmond,ST=Washington,C=US"
BINx64/tmqbase.lib,229812,c644f1d97841d65a7079dd56e1ef82955fa495147c6d4b45e3acbda1ccdf7e05,.lib,,,,,,
BINx64/tmqsite.dll,70712,8f98694e714eb53e46ae61169e84de1745814159b09f471c958a624a4ba7e2e4,.dll,True,True,True,True,"CN=Microsoft Corporation,O=Microsoft Corporation,L=Redmond,ST=Washington,C=US","CN=Microsoft Code Signing PCA 2011,O=Microsoft Corporation,L=Redmond,ST=Washington,C=US"
BINx64/tmqstate.dll,164408,82d2ae41d0bd71179d389c0e7e683fa9831ffbc55277ae91330f401b05443a0e,.dll,True,True,True,True,"CN=Microsoft Corporation,O=Microsoft Corporation,L=Redmond,ST=Washington,C=US","CN=Microsoft Code Signing PCA 2011,O=Microsoft Corporation,L=Redmond,ST=Washington,C=US"
BINx64/tmqstore.dll,70216,645dd5c26ba2e3359e29b1b20805a0e4c9a5a33ddf3d6b95f4f8acb0d0c56ce5,.dll,True,True,True,True,"CN=Microsoft Corporation,O=Microsoft Corporation,L=Redmond,ST=Washington,C=US","CN=Microsoft Code Signing PCA 2011,O=Microsoft Corporation,L=Redmond,ST=Washington,C=US"
BINx64/tmqtry.dll,55856,2db7d610ddfc1ab56f03e3a336a5433054a37be4b4c62f11ed338f95c2ed3583,.dll,True,True,True,True,"CN=Microsoft Corporation,O=Microsoft Corporation,L=Redmond,ST=Washington,C=US","CN=Microsoft Code Signing PCA 2011,O=Microsoft Corporation,L=Redmond,ST=Washington,C=US"
BINx64/vshadow.exe,352296,351db0e4f8f358f94001c2e5a644b2c6dd96290ee8dcc1236de8f4dc60efca9c,.exe,True,True,True,True,"CN=Microsoft Corporation,O=Microsoft Corporation,L=Redmond,ST=Washington,C=US","CN=Microsoft Code Signing PCA 2011,O=Microsoft Corporation,L=Redmond,ST=Washington,C=US"
BINx64/vssagent.exe,608816,21aa8de4b4ce88eb402c9bc70cdd592d30e77a284957ba7366e7e7e8c08543a3,.exe,True,True,True,True,"CN=Microsoft Corporation,O=Microsoft Corporation,L=Redmond,ST=Washington,C=US","CN=Microsoft Code Signing PCA 2011,O=Microsoft Corporation,L=Redmond,ST=Washington,C=US"
BINx64/vsstrace.exe,64048,6fb1bf88b7c3d7bdc442503cd9f98a5a550961f73fbfaceb46020b4c1ec7d00d,.exe,True,True,True,True,"CN=Microsoft Corporation,O=Microsoft Corporation,L=Redmond,ST=Washington,C=US","CN=Microsoft Code Signing PCA 2011,O=Microsoft Corporation,L=Redmond,ST=Washington,C=US"
BINx64/xbootmgr.exe,198696,a619ae7266e7969c83d52b787ac1f1e7a9183855783bf251fa1703e63501a3ed,.exe,True,True,True,True,"CN=Microsoft Corporation,O=Microsoft Corporation,L=Redmond,ST=Washington,C=US","CN=Microsoft Code Signing PCA 2011,O=Microsoft Corporation,L=Redmond,ST=Washington,C=US"
BINx86/Checksym.exe,162336,560fc11d9a1fa51df69146d8362317b6da42e66499433ca0b147c642143952df,.exe,True,True,True,True,"CN=Microsoft Corporation,O=Microsoft Corporation,L=Redmond,ST=Washington,C=US","CN=Microsoft Code Signing PCA 2011,O=Microsoft Corporation,L=Redmond,ST=Washington,C=US"
BINx86/NTttcp.exe,72224,b89f58bcc4c9ac5231e0e1e7b18317cefbaf4cffe7675713bba766dd8d605e32,.exe,True,True,True,True,"CN=Microsoft Corporation,O=Microsoft Corporation,L=Redmond,ST=Washington,C=US","CN=Microsoft Code Signing PCA 2011,O=Microsoft Corporation,L=Redmond,ST=Washington,C=US"
BINx86/PsGetsid.exe,413728,d80a9b93c65c096bf4a96c64a6d9163d02b09cd965ea7cd6d5ab49b73b5e8aa4,.exe,True,True,True,True,"CN=Microsoft Corporation,O=Microsoft Corporation,L=Redmond,ST=Washington,C=US","CN=Microsoft Code Signing PCA 2011,O=Microsoft Corporation,L=Redmond,ST=Washington,C=US"
BINx86/Pstat.exe,25112,6999d92102f379926470dd775deada77891b15db4b7715f7a3c489236cc04f6b,.exe,True,True,True,True,"CN=Microsoft Corporation,O=Microsoft Corporation,L=Redmond,ST=Washington,C=US","CN=Microsoft Code Signing PCA 2011,O=Microsoft Corporation,L=Redmond,ST=Washington,C=US"
BINx86/RecorderCommandLine.exe,134176,b85f1632b7e7959ae4d9670a2d07aae85dc700435bb1917435bdfe11f4b99602,.exe,True,True,True,True,"CN=Microsoft Corporation,O=Microsoft Corporation,L=Redmond,ST=Washington,C=US","CN=Microsoft Code Signing PCA 2011,O=Microsoft Corporation,L=Redmond,ST=Washington,C=US"
BINx86/RecorderDll.dll,124448,11101301eae9c998bf8b6a8e436b5e95534443233a6a637d8b7adf21981ba452,.dll,True,True,True,True,"CN=Microsoft Corporation,O=Microsoft Corporation,L=Redmond,ST=Washington,C=US","CN=Microsoft Code Signing PCA 2011,O=Microsoft Corporation,L=Redmond,ST=Washington,C=US"
BINx86/SdkDll.dll,167976,3a00c80200dd1a20c732cd4a6fcad548259cd03348e4903e1ead2d932da559d8,.dll,True,True,True,True,"CN=Microsoft Corporation,O=Microsoft Corporation,L=Redmond,ST=Washington,C=US","CN=Microsoft Code Signing PCA 2011,O=Microsoft Corporation,L=Redmond,ST=Washington,C=US"
BINx86/cscdbdump.exe,218656,fcf5a3012241b510fd5ff8c531963220827cb8408d6d60e4b0b076277de4477e,.exe,True,True,True,True,"CN=Microsoft Corporation,O=Microsoft Corporation,L=Redmond,ST=Washington,C=US","CN=Microsoft Code Signing PCA 2011,O=Microsoft Corporation,L=Redmond,ST=Washington,C=US"
BINx86/dfsutil.exe,315952,01b63e358b353c4a1dd2b54107360ccbe1ef4e53f2927d01c9b4cf390b14fbb6,.exe,True,True,True,True,"CN=Microsoft Corporation,O=Microsoft Corporation,L=Redmond,ST=Washington,C=US","CN=Microsoft Code Signing PCA 2011,O=Microsoft Corporation,L=Redmond,ST=Washington,C=US"
BINx86/dpmcmd.exe,187440,54cc03bdb6132adc129f9cbd723a65d3a46ed4cdbb5234d10c7e78066c1e01ab,.exe,True,True,True,True,"CN=Microsoft Corporation,O=Microsoft Corporation,L=Redmond,ST=Washington,C=US","CN=Microsoft Code Signing PCA 2011,O=Microsoft Corporation,L=Redmond,ST=Washington,C=US"
BINx86/du.exe,360992,44284374d3d06bb5468508c43649187dca2cc0b7c97e5f149ca904b8879ed0b2,.exe,True,True,True,True,"CN=Microsoft Corporation,O=Microsoft Corporation,L=Redmond,ST=Washington,C=US","CN=Microsoft Code Signing PCA 2011,O=Microsoft Corporation,L=Redmond,ST=Washington,C=US"
BINx86/evparse.exe,262688,ef4551ecb9d1718ee5c8c36d58a49a1f2457a109da323267e989d35ac7451ded,.exe,True,True,True,True,"CN=Microsoft Corporation,O=Microsoft Corporation,L=Redmond,ST=Washington,C=US","CN=Microsoft Code Signing PCA 2011,O=Microsoft Corporation,L=Redmond,ST=Washington,C=US"
BINx86/fcinfo.exe,84512,a0ab07fc2d890bf89c1266def11ece0f0b71b41c66b0ba92afefcac849096997,.exe,True,True,True,True,"CN=Microsoft Corporation,O=Microsoft Corporation,L=Redmond,ST=Washington,C=US","CN=Microsoft Code Signing PCA 2011,O=Microsoft Corporation,L=Redmond,ST=Washington,C=US"
BINx86/get_dependencies.vbs,17922,edbf87c61c6c53526977c60734c594b6cb09cc637cfa3416de2ef2fa950875ab,.vbs,,,,,,
BINx86/hbaapi.dll,49704,298e0db66e4da892e9a6c00d6b87be5642f5557d09a977c6e34b9f1a28cb9852,.dll,True,True,True,True,"CN=Microsoft Corporation,O=Microsoft Corporation,L=Redmond,ST=Washington,C=US","CN=Microsoft Code Signing PCA 2011,O=Microsoft Corporation,L=Redmond,ST=Washington,C=US"
BINx86/hbatapi.dll,34848,cd0f79a4ca4c3900e496bb9e0a5bd674f6cfc6cd2a4ab9b11fcdf1ece337956c,.dll,True,True,True,True,"CN=Microsoft Corporation,O=Microsoft Corporation,L=Redmond,ST=Washington,C=US","CN=Microsoft Code Signing PCA 2011,O=Microsoft Corporation,L=Redmond,ST=Washington,C=US"
BINx86/notmyfaultc.exe,870248,9acea6cb854838f6a013028e42faf1e072e17e417160be6411512dea83f0ae1b,.exe,True,True,True,True,"CN=Microsoft Corporation,O=Microsoft Corporation,L=Redmond,ST=Washington,C=US","CN=Microsoft Code Signing PCA 2024,O=Microsoft Corporation,C=US"
BINx86/vshadow.exe,244768,34c072acccbbd7d90597d3f4033fa732c8a2c93b85e6808d939feda084b34d7e,.exe,True,True,True,True,"CN=Microsoft Corporation,O=Microsoft Corporation,L=Redmond,ST=Washington,C=US","CN=Microsoft Code Signing PCA 2011,O=Microsoft Corporation,L=Redmond,ST=Washington,C=US"
BINx86/vssagent.exe,383048,7fb4058ce965ac9c34857a2e0be4f620e3c6027e25591a6349cce16b8cbe2e1c,.exe,True,True,True,True,"CN=Microsoft Corporation,O=Microsoft Corporation,L=Redmond,ST=Washington,C=US","CN=Microsoft Code Signing PCA 2011,O=Microsoft Corporation,L=Redmond,ST=Washington,C=US"
BINx86/vsstrace.exe,60488,a223e50950e01f24c7bebb814297164939290dae199b6d1de9c868d62d02fd60,.exe,True,True,True,True,"CN=Microsoft Corporation,O=Microsoft Corporation,L=Redmond,ST=Washington,C=US","CN=Microsoft Code Signing PCA 2011,O=Microsoft Corporation,L=Redmond,ST=Washington,C=US"
TSS.ps1,1430923,c5296287bc87e4e5783388d4136e34ef2394dfcf0a333b9979c354ac296604f7,.ps1,,,,,,
TSSGUI.ps1,207084,e575a8a2707f9866594d747c440af9f9067e745f7684d0d3ec18bd401ecf4c2b,.ps1,,,,,,
TSS_ADS.psm1,190679,db3fe8cb78c7db68eb502d4a0c3b3643067ff67fea9b255c0835948bfcb4de00,.psm1,,,,,,
TSS_AUT.psm1,123216,13398e20921c57e95439da524e071ac32d3b7166b772b76d0e03559a245be236,.psm1,,,,,,
TSS_CRM.psm1,24101,1e59f49f5369db5162536a3ee3281475d7baf4c16424340d9f802e7d874318b2,.psm1,,,,,,
TSS_Containers.psm1,50547,0cf53356593eded038da5ab44c5a2d1dcb2e12c0ea50f41c237f69edb24b0fec,.psm1,,,,,,
TSS_DEV.psm1,45705,61874359ac66c73102e5114cded5fb132b53ee9846f0836de7792414584d215c,.psm1,,,,,,
TSS_DND.psm1,375965,59ae0828efcdfdcc40c47dbcb07cd3035941dc9d26f3d7f19ada9a226477b89a,.psm1,,,,,,
TSS_INT.psm1,24863,e14c96213226a9d42481632aec3b86ca3bf7baa3ceb2748863a424366d196f6a,.psm1,,,,,,
TSS_ITN.psm1,32865,720c735e4c3c6a7915d6ed7820e0ed6be5462aa102a506ff87c658be099fb591,.psm1,,,,,,
TSS_MCM.psm1,467060,762706fe6ed9e103aa9d6d1aefd35f2b28074c327fb741e0fa9ed97ed8b49f50,.psm1,,,,,,
TSS_NET.psm1,333911,f0ed5ad741ef5495937e019dfdda74f2a87352d418aa563d0db4c6ad5e670fdb,.psm1,,,,,,
TSS_PRF.psm1,132518,c99e16a83e0c2339203e1717aba6dd2200ecd7e194b57c4764e8693f2c4d1a19,.psm1,,,,,,
TSS_SDP.psm1,684325,c6cf7d6fddbb47208fba40fa009e9853533a590555c6b4e6d8f057ce569c42a6,.psm1,,,,,,
TSS_SHA.psm1,255283,5151c389f5ab0591e481d7473af004a452ea159310e66c2a309189abedd5794b,.psm1,,,,,,
TSS_SPS.psm1,26189,d5f54863af91980f04b08307eb4e5d3203c5c7ae43f0946190dd21e97f68f915,.psm1,,,,,,
TSS_UEX.psm1,260694,e35a02d88cfd9c2553c86f19fe98fb0501bb50a51241b96268c0212f2f704b0f,.psm1,,,,,,
config/Bad_video_resolutions.txt,66,b8c894cc4c20f66035b93de7efad379e72303381166bb3bafea280c7052e5b22,.txt,,,,,,
config/ContainerProviders.wprp,66539,4840ea66beb47659dd02dd6c6ab1055eeec2f94a38531ba673fd2b49a3ab2e40,.wprp,,,,,,
config/DND_audio-glitches-manual.wprp,83766,2e9ce0e673ee61812a11e55d3d42d48653b199a5f165f4d8f93ba8eab0c0f1d4,.wprp,,,,,,
config/DND_audio-info-manual.wprp,61536,76057d4a59fd0e3efddda0b3ea555546f1685a0f436298a9eeb1b508a5d05447,.wprp,,,,,,
config/DND_usb_buses-all-profile.wprp,46013,e294e21d28a427fe6f9894fe441d078c5bef51e2d4d8a45d7eed01be5c49090c,.wprp,,,,,,
config/DfsMgmt.dll.config,1319,49e65b6a5b37fb92f2de3d8d1a29f80cc9a0a0e4c03087c609db286ff2f826b7,.config,,,,,,
config/GUI/Localization/tssGUI-CN.xml,11613,bdb8bda00ec42fe39c209f226567621157b187f06bf8b5079f773961dd5387e7,.xml,,,,,,
config/GUI/Localization/tssGUI-CS.xml,12850,bc39fb0087e5d00267df0d516a60f6133716be06b428b9786d191f18e5def6f6,.xml,,,,,,
config/GUI/Localization/tssGUI-DE.xml,13490,daeec3dc33a13577d263d3903b05acb7a68406e40a601622dbc69e85ca2c6aca,.xml,,,,,,
config/GUI/Localization/tssGUI-EN.xml,12145,ac478152c3230507f1747f198710f431749bd9f7df3415fbbb78fe6e2aa079dc,.xml,,,,,,
config/GUI/Localization/tssGUI-ES.xml,13109,0614887cf4396c9b58af37606d63ea4349946002e232a72ed249c70858b3b0b9,.xml,,,,,,
config/GUI/Localization/tssGUI-FR.xml,13449,ba3054d038c31215efb599e3e137023eb402e5b2db5726c9184368d09df3e2b8,.xml,,,,,,
config/GUI/Localization/tssGUI-HI.xml,20652,5a7365854c900a663f6d4949d153eff6dcdeea9df77b53e11ecbd2512ad7302a,.xml,,,,,,
config/GUI/Localization/tssGUI-HU.xml,13259,f3e4688a5fa390be4532ab198a5db2cee7648503ba3997ff0dc6a838158650d0,.xml,,,,,,
config/GUI/Localization/tssGUI-IT.xml,12612,922545febdf057990b24491203e175f6fbf47b7d0999bf4e0187be1eb786c348,.xml,,,,,,
config/GUI/Localization/tssGUI-JP.xml,14525,9196f7721a0ee18b503e138a13784b499c03025b19ad6a4460bbfcbecdcc29ac,.xml,,,,,,
config/GUI/Localization/tssGUI-NL.xml,12444,61242fd7545aeefd7f4d8018898027c5745d020fd23562d61802bb9c74cfa5df,.xml,,,,,,
config/GUI/Localization/tssGUI-PT.xml,13027,fb1f6d947d2810e0fbb0d07888d1531f48ad6c16a4b6afde524dae811b18b870,.xml,,,,,,
config/GUI/Localization/tssGUI-RO.xml,12893,7369ae5c77a00aa03ab64f2572aa5694ff0b6d2cd02a9776572523654614d1ca,.xml,,,,,,
config/GUI/Localization/tssGUI-TR.xml,12719,3cc25ed0f45f3a0f1f2afde0a9db04e147b7381374bf357e94d8608db61ec587,.xml,,,,,,
config/GUI/TempCsv/WaitEvents.csv,13448,bf099dcae96c263fc56e81c2f81b322f885ff4647347f2e352508c63341d2ff6,.csv,,,,,,
config/GUI/tssGUI-config.json,182,a3f90520de1103ec5f384fb1a8224f700dc8f7897d0fa918bdf7f8f1b6dd4b04,.json,,,,,,
config/GUI/tssGUI-icons.dll,932864,335ff1bb62b2fd5b5f7c0d5502a72e8bc9e4b7b178a0aa60a55a2415670f30ee,.dll,True,False,,,,
config/ProcmonConfiguration.pmc,2460,73db7dc8fe9702bb1f1b8f39df9659c597f4c4ff80e27dcf4557cf7ec31a8449,.pmc,,,,,,
config/ProcmonNoTss.pmc,2489,f874c5691f0ecdfb995d93fba77c2cc5fdb4fa5ab6279267fdcfa083396b76a5,.pmc,,,,,,
config/ProcmonWriteDLL.pmc,3057,267708babf957bf92475b122de9c872f2bd649a4238394059db5ff70cacf7638,.pmc,,,,,,
config/StopCondition.txt,1616,60581e041e91b340785ca8edc588cdc0fd70d05dcc8d85baa35e718fbdb63855,.txt,,,,,,
config/SystemPerformance.xml,22090,0e6f1412c0aaa9836b88f183538557788309234fba5ffcbe3b077371824d078d,.xml,,,,,,
config/WIP_WprProfile.xml,28141,3010e2f05e6e27a471c27aeedda8240afa2b256fff979f5c8970f2eaaa20149b,.xml,,,,,,
config/rfl_Hotfix.csv,133268,1e13802348ac9195e880f486d4df051ffc9afda50e9700dbdfdf5d3bbdad32ad,.csv,,,,,,
config/sbsl.wprp,5144,0b4e9c6a5aa58f3baee88dd4521f437f2f73c782aac97a8f30b22dfbbb609c9c,.wprp,,,,,,
config/sysmonConfig.xml,1363,fb28069d4380b6ecbcc0db08ba6c9560413e81f4bc2f6069ac0a26d17cac8773,.xml,,,,,,
config/tss_config.cfg,21742,29197418611e2c422fd1aa31823cde12045231da92ddc201b0578021ce0441d1,.cfg,,,,,,
config/tss_nps-filter.txt,609,85b8e131f2df44430758df10eab12045936ba0e40ebdc6957338af04b6fe01ce,.txt,,,,,,
help/TSS_CollectLogs.json,121626,caca687652aa22b57826e2ec72832ddf5f069987a29e7295c69fcff4b832a94e,.json,,,,,,
help/TSS_Commands.json,46056,a987a501bb3b16dad1aa66635328bfde5e670805602f81ddbb0b02d9c547dbbe,.json,,,,,,
help/TSS_Components.json,261574,f3f1892c67e72670629fce820460ea7a6e87e7ce31874ef7926669666696c36e,.json,,,,,,
help/TSS_Controls.json,123953,3c8afd5aef1688b4e296b78275f75134b45bbb729b9f7c7777b596969f7af98b,.json,,,,,,
help/TSS_Diagnostics.json,5533,2351fffc33f5fd5b010f1a0488454fd9b32f2c94a47bc4d88dade4e7f6cfe606,.json,,,,,,
help/TSS_FAQ.json,35807,8ac1f4d24f484ff75fe1c7aae5e5e84361244a6328879b44b719f29874b891a0,.json,,,,,,
help/TSS_Main.json,38503,ed5ab1f005a0d78769613e00cb00935bd395609b7d4c958a355d90ef524511f2,.json,,,,,,
help/TSS_Monitoring.json,58881,57edddb8637ca1095f602ef9087cb038c1cb201eefbb52a9f470ebf8c7797352,.json,,,,,,
help/TSS_SDP.json,17378,0dd728ad324f849e41d987be04697fee3396771dc989c224b81d6708637736a0,.json,,,,,,
help/TSS_Scenarios.json,182711,0f5500153156cd465f469318145176bf1e1869b30419f2c61d1500343aad95fd,.json,,,,,,
help/TSS_Schema.json,36799,09c3246d2629a4577b48eaa4414a5fe3add15e4f66d6a1e5f6ac059d31d0896b,.json,,,,,,
psSDP/Diag/global/AlaysOnDiagScript.sql,16398,cef23436782f04da0c44069a0cf737aa43582ceb2d92b87095a0fee59095e141,.sql,,,,,,
psSDP/Diag/global/Autoruns.vbs,70368,a59ddbbd416b106639e75f4d298d6c8262fae120c4708b12855fe99322bfedf9,.vbs,,,,,,
psSDP/Diag/global/AzureDHCPClient.ps1,23367,476465613cce7acad1cceb16ab6c889ef13aae529216fe90472c3acac40391bc,.ps1,,,,,,
psSDP/Diag/global/BPAInfo.xsl,19674,9e6faacf0e683654443fea4eab0bfeebac7d23771b1e82e5a6b8d881e1c8905f,.xsl,,,,,,
psSDP/Diag/global/CPU_PL.VBS,18823,409248e29567f766b84d0cd9c1d13cbcabc64ce0ab0d4917d2f1972f7387786b,.vbs,,,,,,
psSDP/Diag/global/Cluster.ico,14846,0a0fc40286f210ddce0e0759af3d35b3fc3677c567a555fdcd6d6a168759e493,.ico,,,,,,
psSDP/Diag/global/ConfigExplorerClientView.xslt,36961,65611bfa3ab5dd0961b3d3cb5864de4d22541830aaef3284bf9d493f50c8bbe2,.xslt,,,,,,
psSDP/Diag/global/ConfigXPLSchema.xml,6562,89bcc5518bc537beb771ab724be97fe63dee78e7a2273ea48b9b0eb4d4272212,.xml,,,,,,
psSDP/Diag/global/DASrvPSLogging.xml,75352,fab455c7a23ea87d7146313c2956d5587de9d0d2e93058ff00b196dc2b286c43,.xml,,,,,,
psSDP/Diag/global/DC_8021xClient-Component.ps1,20325,34fd3a07a95f4387075030c31c725d7ad964ec43758af6f196485e60563e728b,.ps1,,,,,,
psSDP/Diag/global/DC_8021xClient-Component.psd1,29062,0e8cb7f8a1bbec5c6967216fb63285757a5153d7404135f509570a0a8bb61eed,.psd1,,,,,,
psSDP/Diag/global/DC_ADEventLogs.ps1,16205,62ecb74ba6796498bf2851dcdf11523f05ea974a1849e0d00963305a04c1b139,.ps1,,,,,,
psSDP/Diag/global/DC_ADEventLogs.psd1,28812,3abacc49272b6a4999e532778357b8806eb8d79ca582fd823587c68fc6c68413,.psd1,,,,,,
psSDP/Diag/global/DC_AppliedSecTempl.ps1,15821,03e97c50e9166f1ffbcbe5a17a0d7fdc50b05fce99b1649c26d1fe4239d6b130,.ps1,,,,,,
psSDP/Diag/global/DC_AppxCollect.ps1,27138,eb1ff9d3c395be95c11b9d8987c8213ec5358d5c448a279a06ce9fcb9f29f18e,.ps1,,,,,,
psSDP/Diag/global/DC_AppxCollect.psd1,29502,1b21b37ef31269bc7947f2a5aa05f789c72badca4005f7ce8016a6199a3c2814,.psd1,,,,,,
psSDP/Diag/global/DC_AuditPol.ps1,16359,7e980134c6c0dc8011d24a73617c73be8408fb19263fedd338b1c5f4a39f97fd,.ps1,,,,,,
psSDP/Diag/global/DC_AuditPol.psd1,29080,880dee4c72ebcd301a3ff255dcbad74fcda7b811c1378285864d03952e8c6f70,.psd1,,,,,,
psSDP/Diag/global/DC_Autoruns.ps1,14846,420512e4e02102215268cb96e0d6ed7d10f1b2d14bd017586a7f93123aa38316,.ps1,,,,,,
psSDP/Diag/global/DC_Autoruns.psd1,29028,0461b141bad66b4dde30f1bf794f118a18b63780aeb165a216abf6d068678740,.psd1,,,,,,
psSDP/Diag/global/DC_BCDInfo.ps1,16199,fe13cc9867626d4a369aecf1e25cf88239f1bc1ef6825109e5f204f768e8db2d,.ps1,,,,,,
psSDP/Diag/global/DC_BCDInfo.psd1,28968,eb4f314a6b8628bc3a743d45b1950df3f1d1a93151fcd982e0e527dc772f2ccc,.psd1,,,,,,
psSDP/Diag/global/DC_BPA-DS.ps1,16000,9e2de6abd6c6ecbbc409f5c72570e0b626af25050e841562e64d6164916389d3,.ps1,,,,,,
psSDP/Diag/global/DC_BackgroundCollector.ps1,15419,ca2bb05041d9ca484f2875a8d0733bf44a0ba5eb4c813df353b8df31c2099421,.ps1,,,,,,
psSDP/Diag/global/DC_BasicSystemInformation.ps1,24564,c7b875015c61dd9903cff774a646997a252f86cbd4708a0f67c54b22767ef8c1,.ps1,,,,,,
psSDP/Diag/global/DC_BasicSystemInformation.psd1,29550,8faf8fbcf4988d2bbf5b8ab0845d4499cc42a9515502b014bffa9a2bb556c97e,.psd1,,,,,,
psSDP/Diag/global/DC_BasicSystemInformationTXT.ps1,24401,3ea71f2974bb4dc4e577993b69985b46fd1201457a628c0c4b16fe068189cb96,.ps1,,,,,,
psSDP/Diag/global/DC_BasicSystemInformationTXT.psd1,29558,aef9925ac98e15beb78e0235af0eea863dc469410ee875bf28ff07155a505cd2,.psd1,,,,,,
psSDP/Diag/global/DC_BitsClient-Component.ps1,20482,326fcfb5820e7e026defecbdd07941a095e29e2c56ae0c1f21e169420b4e7acc,.ps1,,,,,,
psSDP/Diag/global/DC_BitsClient-Component.psd1,29050,05e82ef18f8d4bb65d6f5ece3e12f338ac82ef8eb8203a1aac37464ca4418318,.psd1,,,,,,
psSDP/Diag/global/DC_BitsServer-Component.ps1,16391,bba50e760b2939e79fc16b1b7b108d4a64898a7a23598958c8cb735cb1c0f97d,.ps1,,,,,,
psSDP/Diag/global/DC_BitsServer-Component.psd1,29058,86b996203c9147c18cd79cc6042c2ca87bc92b50e0dc466113cdffaa7c1074cd,.psd1,,,,,,
psSDP/Diag/global/DC_Bluetooth-Component.ps1,20271,643f2a445ae1d05384a7d143ea22188364075800a7dcd7c040b19076fc63e21f,.ps1,,,,,,
psSDP/Diag/global/DC_Bluetooth-Component.psd1,29038,28508d50cec0bd32c914ca916c787ec2eeb210a180ddce5f915f9c6478fe0d75,.psd1,,,,,,
psSDP/Diag/global/DC_BranchCache-Component.ps1,23433,ffda1d2643eb9dcd8da5c58a7ececde19c92232799792769baeaf79c4ae64446,.ps1,,,,,,
psSDP/Diag/global/DC_BranchCache-Component.psd1,29006,9c2b0e34de64b7d0a2d8dd951fc15d9996a174a04521c6b32e679cb649fa4725,.psd1,,,,,,
psSDP/Diag/global/DC_Bridge-Component.ps1,16093,80bf03c0b90422905fbeb6e7e614eae7e472ac0355c99387c5e78146ed5c8772,.ps1,,,,,,
psSDP/Diag/global/DC_Bridge-Component.psd1,28966,6783b299f7222e008802fdf33e1d7c975f5f277ef7d1ff44074bb834ff26770d,.psd1,,,,,,
psSDP/Diag/global/DC_CBEngine.ps1,24522,1a4ad695eb3ae75831a76b36e97964b4ecd21aa411a11147a36525f52bdea2ed,.ps1,,,,,,
psSDP/Diag/global/DC_CM12BitlockerInfo.ps1,17239,577b02f38c08df95e807c6e15181688e41fd192e42d3013559e278c6f2083754,.ps1,,,,,,
psSDP/Diag/global/DC_CM12ClientInfo.ps1,38804,eedec7c2292bf372649aa4d1fcd32c32e7ac0fbc2a8b02007c76a89ff3cb9358,.ps1,,,,,,
psSDP/Diag/global/DC_CM12ClientInfo.psd1,29712,d80534c5d0885ff7c6265ce9067ef53ae03f71f56663f6b61dd7906ab6473cb0,.psd1,,,,,,
psSDP/Diag/global/DC_CM12SMSProvInfo.ps1,29330,9e8e2907aa2cf6370d462de8d78a4510ab188b0d5372ce3bd47194108c92db65,.ps1,,,,,,
psSDP/Diag/global/DC_CM12SMSProvInfo.psd1,29180,6f234bb37063f39475289b6bfcda53a5547c91489bb1036919df4366821679e4,.psd1,,,,,,
psSDP/Diag/global/DC_CM12SQLInfo.ps1,51099,9b6e09c912b908a883be17a3e5e96b719b1c64102b28dc3835a019b97b47ed84,.ps1,,,,,,
psSDP/Diag/global/DC_CM12SQLInfo.psd1,28922,c4d174d07234f54769ef4bb61f764a6057508234e95c7dbfa70a744666279501,.psd1,,,,,,
psSDP/Diag/global/DC_CM12ServerInfo.ps1,26279,da906e443c56541a9505b7e1c34a7222a4d23c95a1aaa58820fe42fcf388d404,.ps1,,,,,,
psSDP/Diag/global/DC_CM12ServerInfo.psd1,29314,a70bbdc997a67d8dd48fd2ba7bff10b15813548bd7ffdeb603d6cfb465525b28,.psd1,,,,,,
psSDP/Diag/global/DC_COMCollect.ps1,17468,b142c079c6da631fa66ea2bf87c869d391350c1a60fed53ec8c4cbb0a4a010f8,.ps1,,,,,,
psSDP/Diag/global/DC_COMCollect.psd1,29172,6045a7f0b073f66b74d426401a5683f4054b8d4740f3d3561c0f0d4c9e5226f7,.psd1,,,,,,
psSDP/Diag/global/DC_CRMBaselineDataCollector.ps1,111280,655d013e8166de552fe5a6a22ffeeac54049beefdff8085000eea6880ed80e10,.ps1,,,,,,
psSDP/Diag/global/DC_CRMBaselineDataCollector.psd1,32516,0d043d986a9620079c4c0d0955ae906842bf6cde2b2aa598058b925e9e8d78ed,.psd1,,,,,,
psSDP/Diag/global/DC_CSVInfo.ps1,59345,b90ff10377da71d8af6e22afec1bb370fbd488826b30a305fa70654ff54fa1ca,.ps1,,,,,,
psSDP/Diag/global/DC_CSVInfo.psd1,29052,1c45fd024bb3300284b110687169101acedfad8c15b2f3608d7fa8732c76dc6e,.psd1,,,,,,
psSDP/Diag/global/DC_Certificates-Component.ps1,20286,20ed12a4c13869e31623a99897324dd2be547f68a0ee5a31b134db6a91d913fd,.ps1,,,,,,
psSDP/Diag/global/DC_Certificates-Component.psd1,29612,35b3289a5936b4cd154409345563f7b43c51cd2f3716f0ca8c1a5947a21ba093,.psd1,,,,,,
psSDP/Diag/global/DC_Certificates.ps1,17748,6fe2721ec16f426c1e6d953f5ecdf423378711381ad08515c59d8270fb517b39,.ps1,,,,,,
psSDP/Diag/global/DC_ChkSym.ps1,44816,d9c38e283c08d205a4717da956c016007ba8958bab44b0e91243cb4f6b4d4989,.ps1,,,,,,
psSDP/Diag/global/DC_ChkSym_DPM.ps1,24761,97cd0e069f9fcb3ce504265d605fb1869e2360ffd8ddb55f4ad904abe86d27a5,.ps1,,,,,,
psSDP/Diag/global/DC_ClassRegistration.ps1,17538,536e7e27c46ca3c1b33efc942540cabb5d260ab704c0e6d0c9048c0197aecec2,.ps1,,,,,,
psSDP/Diag/global/DC_CloudBackup.ps1,20936,7a9a80d0151b1c88faa30e19233764214ac562081811efc3b238450906e59e5a,.ps1,,,,,,
psSDP/Diag/global/DC_ClusterDependencyReport.ps1,16488,d01767abcebfff706e63f69b7c077a2ef3195a5d28cf7bd493c4d57e58b65c27,.ps1,,,,,,
psSDP/Diag/global/DC_ClusterDependencyReport.psd1,29294,9fa6830c0fc12640f2eadcdcba6df9fad45bef2762fdeaf39fde089d5f3ea46e,.psd1,,,,,,
psSDP/Diag/global/DC_ClusterEventLogs.ps1,15855,6f8d0b76dd8f716d02ff2b6ee4ca02d8185a3c980cf5f549c844073fd7139289,.ps1,,,,,,
psSDP/Diag/global/DC_ClusterEventLogs.psd1,29024,d477c5fbdcbadedfb5544526992f57f84ca5640425d86e3f4fb59c2f2036b039,.psd1,,,,,,
psSDP/Diag/global/DC_ClusterLogs.ps1,17468,d23ca17fca55759488d5cc6be720a68fdffd294141dd2bce45ec1f6554a5d62c,.ps1,,,,,,
psSDP/Diag/global/DC_ClusterLogs.psd1,28986,26050fb282c0926ffbfc9a02822573fb0a3898cedd01ce535a5f82571fb21f80,.psd1,,,,,,
psSDP/Diag/global/DC_ClusterReportsFiles.ps1,16637,dd8c086cf672a23b9e2299bf1c1dc44d4b8278932717da2c881ce799889b8ad6,.ps1,,,,,,
psSDP/Diag/global/DC_ClusterReportsFiles.psd1,29518,0a0b8587b27c61e7e76531bb5150385dd38d743da5e1580e52014994ca0267ae,.psd1,,,,,,
psSDP/Diag/global/DC_ClusterResourcesProperties.ps1,21699,8e877aa470a1f160becd0461e56f73a46a93e7c46fc49e34cf95c0f6e974ec67,.ps1,,,,,,
psSDP/Diag/global/DC_ClusterResourcesProperties.psd1,29184,b97fbe79699109ca669d86627bcb636052233463522f6597649611fade0e3690,.psd1,,,,,,
psSDP/Diag/global/DC_CollectASMinidumps.ps1,34449,49e05739855523f76c6234f114114cb873861be23a613f2dc25cbaafc4be0008,.ps1,,,,,,
psSDP/Diag/global/DC_CollectASMinidumps.psd1,29066,c71d8db04dcdd68e8bb0a65abfc7528624e16952a50e61e5490cae8b4bcbca97,.psd1,,,,,,
psSDP/Diag/global/DC_CollectConfigMgrLogs.ps1,31642,be5be9419b1391ae7bc5f345ae5df6438e37fe8313562c898500418c5e44a827,.ps1,,,,,,
psSDP/Diag/global/DC_CollectConfigMgrLogs.psd1,30826,c8ed53514ef22378e4915806b61b24152ae4a7c3e412812e2f53da26467cc695,.psd1,,,,,,
psSDP/Diag/global/DC_CollectDPMDB.ps1,17179,bd4cade51a7523d862c945423d8cd3e70659115ced6aec9a80217b4fe88ba2b4,.ps1,,,,,,
psSDP/Diag/global/DC_CollectDPMDBRemote.ps1,17112,7700843381f531cc7e0ba63dc1e480e84c7f1c163fc4923a9c206ea6df5361ee,.ps1,,,,,,
psSDP/Diag/global/DC_CollectDPMLogs.ps1,21278,6106d6148248b32430a87f8bb7b6d8e74fdc9d42197d45d16dbadfe7c9c68a46,.ps1,,,,,,
psSDP/Diag/global/DC_CollectIISLogs.ps1,19859,13b6251411fbf19b837ed2524290c7bcef7ca327117adaef521cc3d7c6673356,.ps1,,,,,,
psSDP/Diag/global/DC_CollectIISLogs.psd1,29024,394ddbdc9892b6d90fa0a2fcf06371bbd6ace15e0076727be8d40dbd8092626a,.psd1,,,,,,
psSDP/Diag/global/DC_CollectIISVDirInfo.ps1,20357,6eff967c5707efc2b6a5d384678b4614e7e9cbdb448b3ae66d6fa90a4d75b8ee,.ps1,,,,,,
psSDP/Diag/global/DC_CollectIISVDirInfo.psd1,29104,4a51055f26785fb64f9782cd66d488aee740e913160b3a487b3e9e01a85b336c,.psd1,,,,,,
psSDP/Diag/global/DC_CollectSQLErrLogs.ps1,19171,8204c142e5a3feb000f5d43a04ab81fcb4fe94163dd59f9b585319c4d22825f6,.ps1,,,,,,
psSDP/Diag/global/DC_CollectSQLErrLogs.psd1,28812,3abacc49272b6a4999e532778357b8806eb8d79ca582fd823587c68fc6c68413,.psd1,,,,,,
psSDP/Diag/global/DC_CollectSecurityEventLog.ps1,15587,7a3370dd69c2ec5b4725e54d534d0b9e0da376892d5a6cf37cc4c710b51d31d4,.ps1,,,,,,
psSDP/Diag/global/DC_CollectSecurityEventLog.psd1,28812,3abacc49272b6a4999e532778357b8806eb8d79ca582fd823587c68fc6c68413,.psd1,,,,,,
psSDP/Diag/global/DC_CollectSqlLogs.ps1,36224,9eab2c0604467965b12352e53689e8de195448bf3be154d63a9bdbe903d9246e,.ps1,,,,,,
psSDP/Diag/global/DC_CollectSqlLogs.psd1,29604,a577a5b5c2d77fb829b0eb8b12bba4380f0f2cd36bc3427c856e5b8a05c732cc,.psd1,,,,,,
psSDP/Diag/global/DC_CollectSqlMinidumps.ps1,29447,e213ffc9ad290ae15733fbcc977080f075f0f7b11c642badaf7d8fcb91dcbb83,.ps1,,,,,,
psSDP/Diag/global/DC_CollectSqlMinidumps.psd1,29066,c71d8db04dcdd68e8bb0a65abfc7528624e16952a50e61e5490cae8b4bcbca97,.psd1,,,,,,
psSDP/Diag/global/DC_CollectSsasRegKeys.ps1,18988,6ceed081346a30e15c63b0d8236c1609c459d45cbd3f6a08b153dc379e65da22,.ps1,,,,,,
psSDP/Diag/global/DC_CollectSsasRegKeys.psd1,29104,8bfe1e3374ca3d450f0afb601d54f077b0f304f21b0874d530a99ed8d04db827,.psd1,,,,,,
psSDP/Diag/global/DC_CollectWindowsLogs.ps1,27810,467fa8e17da0749f2f800aeaaf167fa55a06379241b23e3317ccff085474a2a9,.ps1,,,,,,
psSDP/Diag/global/DC_CollectWindowsLogs.psd1,29542,500659a47750b924a2959cb360ff96c93d7257f5883177c4e104d3e3c6e1cbb8,.psd1,,,,,,
psSDP/Diag/global/DC_CscClient-Component.ps1,23139,006b98e515f79ce4d3e886aa8d7f3780270b0b9f6edd3174839eb26d2f46a018,.ps1,,,,,,
psSDP/Diag/global/DC_CscClient-Component.psd1,29236,6c655b349f9c6f39b7c193a34befe79e926c27a1d6acf32ca6106281400b9b62,.psd1,,,,,,
psSDP/Diag/global/DC_CurrentDomainInfo.ps1,18783,91c4aa67d1fa5a853089887012ab226ff469378d2104ae98a29ed09938ae6429,.ps1,,,,,,
psSDP/Diag/global/DC_CurrentDomainInfo.psd1,29106,5bc8b9e8d67ccb924257e06ad2c426c8d34a30960555cae35b577ba6fa41102e,.psd1,,,,,,
psSDP/Diag/global/DC_DBErr.ps1,14839,b4f80f7ae6b823945d3a6ecaf607bb137a6819217e26ba645743acf5c8162d3c,.ps1,,,,,,
psSDP/Diag/global/DC_DBErr.psd1,29088,780f51e1f0799039c9c360fce7ad15484b67de10debcc0ab84a6c85d8a03ced6,.psd1,,,,,,
psSDP/Diag/global/DC_DCPromoLogs.ps1,15476,26fda59e849fdb911f77eadad803a0fd353829d2923fb9f340b7599bb2a01487,.ps1,,,,,,
psSDP/Diag/global/DC_DCSiteInfo.ps1,19524,5a1f47d7a34c9f2f446573e3f914a0f1753d67ac8e5823e64d057c8edbbdd788,.ps1,,,,,,
psSDP/Diag/global/DC_DCSiteInfo.psd1,29106,5bc8b9e8d67ccb924257e06ad2c426c8d34a30960555cae35b577ba6fa41102e,.psd1,,,,,,
psSDP/Diag/global/DC_DFSClient-Component.ps1,18204,b054e937ca9a83c506483057e2478584422b8b8b6276b5dbfca9c8ac4780dcea,.ps1,,,,,,
psSDP/Diag/global/DC_DFSClient-Component.psd1,29034,70a5a6802c4f16efb9507c706fe8b9572f30acdf95625c793bd898f13815ec4f,.psd1,,,,,,
psSDP/Diag/global/DC_DFSServer-Component.ps1,16483,ed5af904f92c334ca0cf540653501c87fe0ef3b02c4f5b6f8f636ca799649bab,.ps1,,,,,,
psSDP/Diag/global/DC_DFSServer-Component.psd1,29002,cccfeeb24e33ec0cf59704183fefb29a5df59a54868bfc6d8d0a5f4ecab72ce9,.psd1,,,,,,
psSDP/Diag/global/DC_DNSClient-Component.ps1,24716,562894698d4463c69c669f4adcee86cd0feabc6297bd2b8992a2de9eb6a7259e,.ps1,,,,,,
psSDP/Diag/global/DC_DNSClient-Component.psd1,29040,9ff9c3fa9dfd3c2ae2319ca3e87f8d89d8d68198880ca3234f577154781cd450,.psd1,,,,,,
psSDP/Diag/global/DC_DNSServer-Component.ps1,24436,5eb986d43959e2f1c3a5093cb81444c70209805e2d6f4b6d6a7fdacbcd789725,.ps1,,,,,,
psSDP/Diag/global/DC_DNSServer-Component.psd1,29002,f06fdaec8b542cf10d2c93a880a107a576505db337b64f0e5d870df95fbce092,.psd1,,,,,,
psSDP/Diag/global/DC_DOSDev.ps1,16140,bd958b0426e7385be9125b5f5f1cd1c775027530674c32a1874c8e7ad13120e6,.ps1,,,,,,
psSDP/Diag/global/DC_DPMEventLogs.ps1,15702,6b11f277ee172cdc4bdd905b5252b549cdd428128fc6d3f5b946a7a0667589b3,.ps1,,,,,,
psSDP/Diag/global/DC_DPMVerboseTracing.ps1,27741,d729e992d197b8aa9eebd7bef2fa7256b9112d8f9f0b44cc6771adbbaad0edf5,.ps1,,,,,,
psSDP/Diag/global/DC_DPMVerboseTracing.psd1,29480,5bda779d831cfd4be3d16ea563ce39e0ea37e1811d00bb4286345484f0f4b428,.psd1,,,,,,
psSDP/Diag/global/DC_DSMisc.ps1,16751,5e49eaa344a76427448c7af76c2b92368d079f69552f4e2e013cf7c6f8ead279,.ps1,,,,,,
psSDP/Diag/global/DC_DSRegEntries.ps1,21401,0b417df9e8af679325bbb19f648c9816299b86d74af99789cb07b0d04fb5a34a,.ps1,,,,,,
psSDP/Diag/global/DC_DSRegEntries.psd1,29092,6dd61975ae700caf62b916d6733481bcfe29c8374d28a3edabb5681e4ca329a7,.psd1,,,,,,
psSDP/Diag/global/DC_DeploymentLogs.ps1,27714,a2e5f0172af9846612b0552a91d75a74ae4d6f232be8afa3161b995ea30edf1c,.ps1,,,,,,
psSDP/Diag/global/DC_DeploymentLogs.psd1,28990,2496cd411de0d4d6b6a4cf44ba40fa0b6e6a3560cd3a9b0eec49e483fb7f02b4,.psd1,,,,,,
psSDP/Diag/global/DC_Descriptors.ps1,23323,366fe24549c3caab87c021812843908b163daebfd0011512ba42a8603b497352,.ps1,,,,,,
psSDP/Diag/global/DC_Devcon.ps1,19533,2679d8953d4c45ec68195a8f868923b1f3291c6a4d1bb74d2bbca7831d5cdd65,.ps1,,,,,,
psSDP/Diag/global/DC_DfsrInfo.ps1,19920,a4d875c349703985e6f5e2222ed6e0578c0811ffb6e9b091764773ee1af7cf17,.ps1,,,,,,
psSDP/Diag/global/DC_DhcpClient-Component.ps1,16579,ab12a352f5854dae954ba583ce6a5484c0e079d0b9b993400f786951abe8b892,.ps1,,,,,,
psSDP/Diag/global/DC_DhcpClient-Component.psd1,29002,2c1807a784c1cea927440e8341497a3ca9f60f32f73e4b5140f3215d1f0e8c15,.psd1,,,,,,
psSDP/Diag/global/DC_DhcpServer-Component.ps1,35420,1569701cb9b6eebed511e171231b127e4dd551507045bd65d238a26f621a4461,.ps1,,,,,,
psSDP/Diag/global/DC_DhcpServer-Component.psd1,29002,1409663cc0029193defaa931234fd5209028e1cf95d7b3c6be175321c8775c22,.psd1,,,,,,
psSDP/Diag/global/DC_DirectAccessClient-Component.ps1,24103,89a744329d66e6adab582bdfe6615aa1ffb6deb53c59594fc318fb41e6223664,.ps1,,,,,,
psSDP/Diag/global/DC_DirectAccessClient-Component.psd1,29112,959bf8feacdfe8a7b2b662908fc68095cfbac5ae9b5dccd13735363835d5c97f,.psd1,,,,,,
psSDP/Diag/global/DC_DirectAccessDiag.ps1,165254,5a889691ab2334274a86ccce9c8e450b2991094cd7c04921f20f9504793edf91,.ps1,,,,,,
psSDP/Diag/global/DC_DirectAccessDiag.psd1,32684,2064e610d76cd54b0e267a816cc50d4f24ed9ae1772f7322c77322405d4077fb,.psd1,,,,,,
psSDP/Diag/global/DC_DirectAccessServer-Component.ps1,26136,de715fe940395e6948248f01e03337b73c89a8ccc263a443c019b51cac511acf,.ps1,,,,,,
psSDP/Diag/global/DC_DirectAccessServer-Component.psd1,29166,06515bac58f26400f87bcaadab41fd521e8282222ddbeea7c96b4f7ef85f3c3d,.psd1,,,,,,
psSDP/Diag/global/DC_Dirs.ps1,18759,ddce64c3339f97966e487276c1a4ff8324121c42bcf37027d27a2d1916e65570,.ps1,,,,,,
psSDP/Diag/global/DC_DiskInfo.ps1,18431,52a816a93d33cbca02322afe23a5281597d1293a0a3366c1e2768460c3a780b2,.ps1,,,,,,
psSDP/Diag/global/DC_DiskInfo.psd1,29414,d36a921bb2bda5e2d51f79bdd7b347b6edbaab5f16d87c0940ee0aa3423452ef,.psd1,,,,,,
psSDP/Diag/global/DC_Disk_Quota.ps1,15490,7d961bd735275b50245ffcd2a83549521dfc43703f3bd390b90bbd52c56ebac9,.ps1,,,,,,
psSDP/Diag/global/DC_DnsDhcpDynamicUpdates.ps1,44040,4fc48485066197945fff8c09d7db77620fc411657967975e4f5cb7bb9cc97978,.ps1,,,,,,
psSDP/Diag/global/DC_DnsDhcpDynamicUpdates.psd1,29002,1409663cc0029193defaa931234fd5209028e1cf95d7b3c6be175321c8775c22,.psd1,,,,,,
psSDP/Diag/global/DC_DsRegCmd.ps1,15684,e569d4f04b1187643a53d36e12ea0ac693fe249e3e4da3e42d1b8786c3d45e2b,.ps1,,,,,,
psSDP/Diag/global/DC_DsRegCmd.psd1,29176,57db2c40739cae34c574fa009619e2d8746653a786446949c4a84d9f15963460,.psd1,,,,,,
psSDP/Diag/global/DC_EnvVars.ps1,15260,9a988c5d74eef5a4c4d5033efa108b7a5b2476f024918ca11f5787a7a393f0dd,.ps1,,,,,,
psSDP/Diag/global/DC_EnvVars.psd1,28990,52e373ba88fe8e777dea3640c8ebbdbaaadc73d14d43d813572838d1e0d79749,.psd1,,,,,,
psSDP/Diag/global/DC_EvParser.ps1,16773,401ebbcf7cc4dc6ffeea09cc5f56266acfdf8261ca89bd2bf3c886ef9099687d,.ps1,,,,,,
psSDP/Diag/global/DC_EvParser.psd1,29420,781f185b09680ff4286791fea8611b57eb71865b74e52ba611f152f2b2885af5,.psd1,,,,,,
psSDP/Diag/global/DC_FCInfo.ps1,15450,9ac08d56069d41801d63b4c7f21de9410bd81f2bade8e58c92b9617d914545a7,.ps1,,,,,,
psSDP/Diag/global/DC_FCInfo.psd1,29216,a21bbc745570b0857a43e4b92bd58b6342b1a8700151761d5fe89f46240f24b1,.psd1,,,,,,
psSDP/Diag/global/DC_FileVersions.ps1,16820,01cacebd72dcd77faca9a6a3cc4c6b8c40d63995aa8d7b8792396785ed0ef152,.ps1,,,,,,
psSDP/Diag/global/DC_File_ACLs.ps1,16148,918c5823bdb7ee055ded8a5994b35d7e16f419498f1b42a45192b2f84c833f37,.ps1,,,,,,
psSDP/Diag/global/DC_FindSQLInstalls.ps1,16579,8f7d621fe4621b0ddd552844308bf2601499fe1ebaa8a5d8f5e8c32ca678e9a2,.ps1,,,,,,
psSDP/Diag/global/DC_FinishExecution.ps1,20066,c7e94a83528ac73c32bf481ccc9b33e35baaf74c8446bda4ac60500acec3417a,.ps1,,,,,,
psSDP/Diag/global/DC_FinishExecution.psd1,28812,3abacc49272b6a4999e532778357b8806eb8d79ca582fd823587c68fc6c68413,.psd1,,,,,,
psSDP/Diag/global/DC_Firewall-Component.ps1,39671,92bac422e6401e08becbfa77dcf0f8f261f45a958b031a15c9d58fb46e4bd1d5,.ps1,,,,,,
psSDP/Diag/global/DC_Firewall-Component.psd1,28990,b2be2ef611efe79b27c2c115277f46ad137b5cd3cfd21c1088792eadac70f79c,.psd1,,,,,,
psSDP/Diag/global/DC_Fltmc.ps1,15648,f9f01fbf565db00290c4a2a4fca2d8df6655b734f7e53b8211dc921541aee416,.ps1,,,,,,
psSDP/Diag/global/DC_Fltmc.psd1,29102,9e6f7c672a41b3ae09b7acbdb24fc8fc6e3ad5cbc947df0b22eb89d513ae4528,.psd1,,,,,,
psSDP/Diag/global/DC_Fltrfind.ps1,15167,49152370ba88167c95c580187e787ce0902f1d2cd2b0d39f56e701c223f10772,.ps1,,,,,,
psSDP/Diag/global/DC_Fltrfind.psd1,29274,9127df2d5a692dd236c579e47fd212b21e4735db73384f26c65db2465165e996,.psd1,,,,,,
psSDP/Diag/global/DC_FolderRedirection-Component.ps1,20252,0718deb38f04e00cdd0949fe6828a5916e38df5a4ad4f9b8ed21161cc05a2487,.ps1,,,,,,
psSDP/Diag/global/DC_FolderRedirection-Component.psd1,29066,a20553829148052b20c26fedae861a07b097daf10293ace9add3fc189226c761,.psd1,,,,,,
psSDP/Diag/global/DC_ForestInfo.ps1,17389,5e86d87a8b053d524c8746061595856499ff5de02f659cffeeae6f2a67033366,.ps1,,,,,,
psSDP/Diag/global/DC_ForestInfo.psd1,29106,5bc8b9e8d67ccb924257e06ad2c426c8d34a30960555cae35b577ba6fa41102e,.psd1,,,,,,
psSDP/Diag/global/DC_GenericInfo.ps1,30391,76b67523a09eaa0f27dd92ac299988ccd7edddba2c8b9e5cef41ff6cd203ed7c,.ps1,,,,,,
psSDP/Diag/global/DC_GenericInfo.psd1,29606,8aee636bd96f26dd8519fab9cbda33c871692e02f2d718af897f889cf865a93a,.psd1,,,,,,
psSDP/Diag/global/DC_Get-Files.ps1,21952,6ec88cae08956e6c4c8604881b92bda1ea6c4e03011185cb8b361d3d7579f1f4,.ps1,,,,,,
psSDP/Diag/global/DC_Get-Files.psd1,28968,9bf6740e20e5c6a76d711c52b3872412db5e8aebf80258bafac8275640d04680,.psd1,,,,,,
psSDP/Diag/global/DC_GetDPMInfo.ps1,39354,c41f8daedd9916a648997ba27ccc320a3759336158a046f39402cfe2aa636317,.ps1,,,,,,
psSDP/Diag/global/DC_GetOlapLogAndTraces.ps1,25376,7c0877ddf1a5b6ef11a8fdf67cb259071880053539845b3b7542628c28812934,.ps1,,,,,,
psSDP/Diag/global/DC_GetOlapLogAndTraces.psd1,29214,ba738279b654c6bb8cbb9a383bbf00b21864e4e1c24dbdecb921180f57a5a90f,.psd1,,,,,,
psSDP/Diag/global/DC_GetOlapServerConfigFiles.ps1,20606,fcb9c11cb329ccd384bc0ad1dc73459f524b94114d3eb3d706e80978d54d00a8,.ps1,,,,,,
psSDP/Diag/global/DC_GetOlapServerConfigFiles.psd1,29214,ba738279b654c6bb8cbb9a383bbf00b21864e4e1c24dbdecb921180f57a5a90f,.psd1,,,,,,
psSDP/Diag/global/DC_GetSQLSetupLogs.ps1,18970,6e900c00c86cb203c1678937247fba30a6dd2d517f8801d182f445287b0c8268,.ps1,,,,,,
psSDP/Diag/global/DC_GetSqlXeLogs.ps1,38636,62bb836adbf7b5815d033b970b93962be37e044e55303177c5bac73893282a25,.ps1,,,,,,
psSDP/Diag/global/DC_GetSqlXeLogs.psd1,29612,f10385131cf8d77f3d90494ba12194aeda92d0b16a31e709db9ce5a203ae02c3,.psd1,,,,,,
psSDP/Diag/global/DC_GetSystemInfo.ps1,22110,d187ad8b4d5b1bacb0370b526075cc9427d29ae6d4fcf62a507da12bb31b62f2,.ps1,,,,,,
psSDP/Diag/global/DC_Get_Network.ps1,20896,160ce0404339d66bb56a71bdd8cd60094f27eabac98d8ffce788595ca1139828,.ps1,,,,,,
psSDP/Diag/global/DC_GroupPolicyClient-Component.ps1,16283,0e9dbb315baa9e892a435ee661c1a6bb2384b765555f69e550267361108a3f46,.ps1,,,,,,
psSDP/Diag/global/DC_GroupPolicyClient-Component.psd1,29058,012654f1015a7a38f019be7722d0a6b217047373f9ad5e059f5d147f9eeb72f0,.psd1,,,,,,
psSDP/Diag/global/DC_HTTP-Component.ps1,18721,9c188abec4dac1ed689fc12bd63a1774a419d74e254731789740c4d82e08bffe,.ps1,,,,,,
psSDP/Diag/global/DC_HTTP-Component.psd1,28950,51c653ddb6006e2fb71dc88a6f1d927007efd3181005ca805d79ec93857a72f3,.psd1,,,,,,
psSDP/Diag/global/DC_HVRHost.ps1,39544,384a5291a270d5ff356f349e3ab719090af2b134c4bcc5fb7b3aaff1c4b28582,.ps1,,,,,,
psSDP/Diag/global/DC_Handle.ps1,15415,304982332395ff6f56539d054f78d6e6d861b57c0316780d1cc16fe375a6c3f1,.ps1,,,,,,
psSDP/Diag/global/DC_Hardware.ps1,16415,98055d77d307a98118d312af47ae33ef8ca85804c7a64b7732b41898ec14681f,.ps1,,,,,,
psSDP/Diag/global/DC_HotfixRollups.ps1,31552,94325eb1bb54b55bdeb10453fa2bb61881d1365ada41ee0c5adb427fc44e7502,.ps1,,,,,,
psSDP/Diag/global/DC_HotfixRollups.psd1,28812,3abacc49272b6a4999e532778357b8806eb8d79ca582fd823587c68fc6c68413,.psd1,,,,,,
psSDP/Diag/global/DC_HyperVBasicInfo.ps1,81848,d474e4e866e072b26f296600d02d28f0206ec6b8e4a83dadaa9a2005775f2649,.ps1,,,,,,
psSDP/Diag/global/DC_HyperVFiles.ps1,16597,2c96522a93326f7cbe293f6d94ff185b0dcb05e14f00b7c64d0de3151fa9efb5,.ps1,,,,,,
psSDP/Diag/global/DC_HyperVFiles.psd1,29310,f29da710ff14c8b7e971d48aa791fec5da50b2766ec9715c155540a323cf7385,.psd1,,,,,,
psSDP/Diag/global/DC_HyperVNetInfo.ps1,15417,49a44fadcfc4a3aa9827983bf39e289c38ecce5b8431b312191d87aa2aab5573,.ps1,,,,,,
psSDP/Diag/global/DC_HyperVNetInfo.psd1,29032,7edfc6f338aac43876f5cbd6dd66c0663ee1b444015a0758122f0796073361e8,.psd1,,,,,,
psSDP/Diag/global/DC_HyperVNetworkVirtualization.ps1,29121,b51c984462983a4d8214b2beb960cf665095a983344535e2541abcf5c0da6a8c,.ps1,,,,,,
psSDP/Diag/global/DC_HyperVNetworkVirtualization.psd1,28812,3abacc49272b6a4999e532778357b8806eb8d79ca582fd823587c68fc6c68413,.psd1,,,,,,
psSDP/Diag/global/DC_HyperVNetworking.ps1,29948,37ef5dfd9f8520706f24ea7bc01b9f28770f2a574d469631e8add5c9e3b37382,.ps1,,,,,,
psSDP/Diag/global/DC_HyperVNetworking.psd1,28812,3abacc49272b6a4999e532778357b8806eb8d79ca582fd823587c68fc6c68413,.psd1,,,,,,
psSDP/Diag/global/DC_HyperVReplica.ps1,19553,01aaa2c34a7180df7a3232c9f37ca6f6c6f2581535b03411d18e7cadfac38d3b,.ps1,,,,,,
psSDP/Diag/global/DC_HyperVReplica.psd1,28812,3abacc49272b6a4999e532778357b8806eb8d79ca582fd823587c68fc6c68413,.psd1,,,,,,
psSDP/Diag/global/DC_IIS_Collect_Configuration.ps1,22540,80e3b2b777a319cc2c57988fc4c801ecda5a3f99c3b5c246e385f0b9cf1e7b66,.ps1,,,,,,
psSDP/Diag/global/DC_IIS_Collect_Configuration.psd1,29456,749ace3f3c2e20fd45aa737f1b472d78768e77663445534b803131a91a806027,.psd1,,,,,,
psSDP/Diag/global/DC_IPAM-Component.ps1,29013,733da6a3f92c643240dca55e7939b5b9bcd1099994d1b2ffbea1ffcd12ef06a3,.ps1,,,,,,
psSDP/Diag/global/DC_IPAM-Component.psd1,29002,1409663cc0029193defaa931234fd5209028e1cf95d7b3c6be175321c8775c22,.psd1,,,,,,
psSDP/Diag/global/DC_IPsec-Component.ps1,22757,7ff3144cd102de5ff8730f60b3e50a0ac387183fa8a4c798fbe96a5842b21fd0,.ps1,,,,,,
psSDP/Diag/global/DC_IPsec-Component.psd1,28958,e78bde4dcc60b4a95b4ed540d151facf3d84e45af9c80307731d01bff8b65545,.psd1,,,,,,
psSDP/Diag/global/DC_ISCSIInfo.ps1,16465,ca627e8b53e6922922e5b20a45e474fbc15be1faa8a062cc265d7b8d4e34b13c,.ps1,,,,,,
psSDP/Diag/global/DC_ISCSIInfo.psd1,29154,4d1ff2124bd2fda640434dad440e4b12d62759ee89355ca17c39a4c4e17c0623,.psd1,,,,,,
psSDP/Diag/global/DC_InternetExplorer-Component.ps1,34672,dbec831945b890bccd344e62ba3d26ff2a3bcbfd168fa50c6e917aa02dcd8890,.ps1,,,,,,
psSDP/Diag/global/DC_InternetExplorer-Component.psd1,29050,a4a2bc25dd7c75d1a955efa7a1e55613693fab0a8798f6b2eb15ede3c70d28a9,.psd1,,,,,,
psSDP/Diag/global/DC_KBInstallLogs.ps1,16035,13a2d60a260ef930e831b83747b0462cf1bc095a43fb18ae8d2660cccc1dfafb,.ps1,,,,,,
psSDP/Diag/global/DC_KBInstallLogs.psd1,29062,e702f8079a7f9ac023d67361858a2240fa90918d12e7060a998e0cb866d4683d,.psd1,,,,,,
psSDP/Diag/global/DC_KIR-RBC-RegEntries.psd1,29286,c349065daf5c3665e0021717b5dd680ba4267d68f3325feee06bd27bb52fef27,.psd1,,,,,,
psSDP/Diag/global/DC_KIR-RBC-regEntries.ps1,16315,903468fed167fd732ca53533b2c961c20208fa2f23bb7abb9630d0db5f5790a0,.ps1,,,,,,
psSDP/Diag/global/DC_KList.ps1,15695,00598af9c4bd8a6adca6705329368c7ff80d7ef08822480c2f9ce646d226c142,.ps1,,,,,,
psSDP/Diag/global/DC_Kerberos-Component.ps1,16588,2e7d53143acbc29d6d704cc6d6fc59c04faa3c46483223c77b94e9a93ab01a9f,.ps1,,,,,,
psSDP/Diag/global/DC_Kerberos-Component.psd1,29038,7ca470936a9b4d6baae4961ee2391b88714f8c2aa912eb5e05bbd3665172a742,.psd1,,,,,,
psSDP/Diag/global/DC_MBAMEventLogs.ps1,15697,cfe01474c49ca097bde8a7619219f98c2daf7c72e82d7de6f4f18ddd0f72eb56,.ps1,,,,,,
psSDP/Diag/global/DC_MSDTC_Collector.ps1,138233,9cc9abeefbe80d4a1a3efd498c763b6f629868bbd914a048b01b0e8c62008cab,.ps1,,,,,,
psSDP/Diag/global/DC_MSDTC_Collector.psd1,30822,b9caa3b2ec25467f30752a40e3e1ac07a08097b496321b9d7b0606c783ef3e79,.psd1,,,,,,
psSDP/Diag/global/DC_MSInfo.ps1,17205,cb0de167e819bf22e809942d0374798b6be871b5235fbb054d55c97bb12fcc81,.ps1,,,,,,
psSDP/Diag/global/DC_MSInfo.psd1,29052,2744c3eec60c527c3458acdafed0d1387d13bd1076f649aecedc23d232220296,.psd1,,,,,,
psSDP/Diag/global/DC_MUP-Component.ps1,15782,43c21dbb63659930a01cc0330f5cd0a699adef706113b81e910c971199be92c3,.ps1,,,,,,
psSDP/Diag/global/DC_MUP-Component.psd1,28812,3abacc49272b6a4999e532778357b8806eb8d79ca582fd823587c68fc6c68413,.psd1,,,,,,
psSDP/Diag/global/DC_MpClaim.ps1,15055,d5c978847ceaf10063dea372189641f96064351d6bdcfb22f24fea53e1eca046,.ps1,,,,,,
psSDP/Diag/global/DC_MpClaim.psd1,29284,73fbe1c7223126f498952bb9cb278b2186fad0e3f4d53ec0bbb17dddd0ca0a10,.psd1,,,,,,
psSDP/Diag/global/DC_NAPClient-Component.ps1,19162,114726319c7c44229676048f567dfdcdca098e17a9d11cff4f2dd52ac4b11a42,.ps1,,,,,,
psSDP/Diag/global/DC_NAPClient-Component.psd1,29030,9ec48434142f72dadca9aae1ba638864cbbb30cbafd1b41dd5affabf778d5bea,.psd1,,,,,,
psSDP/Diag/global/DC_NAPServer-Component.ps1,16028,ab541d550eb3a6449b455f617a9fa75a8f159707c66450b1eaacfcf5742f582e,.ps1,,,,,,
psSDP/Diag/global/DC_NAPServer-Component.psd1,29022,9fa5ae483326525055d7f83644fc7482e40aa4deecb934a877a39dc84e68cc72,.psd1,,,,,,
psSDP/Diag/global/DC_NLB-Component.ps1,20078,8704a1326f2dfa1e6b3658ead4c40739389bdf1bda8301d24bcce4fa7a480cc5,.ps1,,,,,,
psSDP/Diag/global/DC_NLB-Component.psd1,29042,23411712e067b332fcd2913d9af459d2250afb0b678c171dd3f57157c72c03f5,.psd1,,,,,,
psSDP/Diag/global/DC_NPS-Component.ps1,22568,aa2d74d5f941054409cf0126595b5151737b579aa8d62f6f4b76a0380d78bca0,.ps1,,,,,,
psSDP/Diag/global/DC_NPS-Component.psd1,29064,ac5a7054c920e69c0fa0b26ff3839587238597a9eac950ac00c71547673ec33c,.psd1,,,,,,
psSDP/Diag/global/DC_NetBasicInfo.ps1,18136,40a463aa50456802da72b2ebff9e63d05066d80867b5573a3828b820274bf88d,.ps1,,,,,,
psSDP/Diag/global/DC_NetBasicInfo.psd1,29014,b4652c312fd6fd587d5d5ee1646c0cee0dd44e6b6d8ca98c7c42c061ead7b035,.psd1,,,,,,
psSDP/Diag/global/DC_NetLBFO-Component.ps1,17733,d7b5183af51016190b39f92c7bdd46d95dd2c95e954a20c0b036d7759b2f14c0,.ps1,,,,,,
psSDP/Diag/global/DC_NetLBFO-Component.psd1,28812,3abacc49272b6a4999e532778357b8806eb8d79ca582fd823587c68fc6c68413,.psd1,,,,,,
psSDP/Diag/global/DC_NetSetupLog.ps1,15292,c7897543e6bdf874b4d6efed423511baa4b4bccc56c158ee44875606cd2a80e8,.ps1,,,,,,
psSDP/Diag/global/DC_Net_Start_Output.ps1,16237,45818d1c39fdc78f84bb9ea394e65636db7a62c8c16b4f3de4147fed755d1605,.ps1,,,,,,
psSDP/Diag/global/DC_NetdomFSMO.ps1,15843,a50a5f4ac1d3377a3c5b3ba2549b9f8c5c913e72092b2397f231ad6bd795d824,.ps1,,,,,,
psSDP/Diag/global/DC_NetlogonLog.ps1,15675,10a3587605313737f1bdc366fa49f786c4cbada71a2f822d358b6a2dec741ded,.ps1,,,,,,
psSDP/Diag/global/DC_NetworkAdapters-Component.ps1,29264,72351be29d2e1c76cc273fb9926d73a49645432047dcdf32e1b580b84d848fb8,.ps1,,,,,,
psSDP/Diag/global/DC_NetworkAdapters-Component.psd1,29028,415819c55e379a88c4f4d17642d271f828a48f1b6a61ce973d8242151db04d09,.psd1,,,,,,
psSDP/Diag/global/DC_NetworkConnections-Component.ps1,18103,c14ce2a0de090f1c2ff200fa917c828ca77ab03e48187aaab52fbd405dd1fb3f,.ps1,,,,,,
psSDP/Diag/global/DC_NetworkConnections-Component.psd1,29094,0ba2583581c98866e4969574b1e33cbf194e6222db4b74ceba0b79c272e94b5b,.psd1,,,,,,
psSDP/Diag/global/DC_NetworkInfo.ps1,24442,6cf77eb8dfed911334edfe071f3fa7158a27962e3c7c335e392e92fb15a4f4ef,.ps1,,,,,,
psSDP/Diag/global/DC_NetworkInfo.psd1,29174,20fe6ea82a7f9296061a6bc78d377e3306b5ce5db25e56688564d5a671597921,.psd1,,,,,,
psSDP/Diag/global/DC_NetworkList-Component.ps1,16241,9933827550755f7956c5607f352ae364d78ce58bd2909b4a080f1bd3f10ea6ed,.ps1,,,,,,
psSDP/Diag/global/DC_NetworkList-Component.psd1,29038,eef39d8fef8421a248bda2bfc85b303cbf6ac5bdde45d92ddf25ae5d68a0567f,.psd1,,,,,,
psSDP/Diag/global/DC_NetworkLocationAwareness-Component.ps1,16393,94453f142d9857c90ca23c5b3f1cef941c3792fc76e00ba6889d45a07658d4d2,.ps1,,,,,,
psSDP/Diag/global/DC_NetworkLocationAwareness-Component.psd1,29146,b97226e7668dc0cfdb50868f9dc4d10032220842df1511210cd9fa232c1ac68c,.psd1,,,,,,
psSDP/Diag/global/DC_NetworkShortcuts.ps1,17573,aef609162619a228ad357acf5b16b643bcb8db439af08b9876d4fe395d82f370,.ps1,,,,,,
psSDP/Diag/global/DC_NetworkShortcuts.psd1,29050,aadfc1bef07af79ce230fee2635d9262d61d609d0b80c9470872699c4d174440,.psd1,,,,,,
psSDP/Diag/global/DC_NetworkStoreInterface-Component.ps1,15999,1ace264b6e9e8a1078346b7953d801657dcdb4dd4862788e3ea31e6a41569039,.ps1,,,,,,
psSDP/Diag/global/DC_NetworkStoreInterface-Component.psd1,29130,401876f4893a011587934c66f35fbab88478c02332173d97a4c7af37466a3120,.psd1,,,,,,
psSDP/Diag/global/DC_NetworkingDiagnostic.ps1,23715,aac706f70b911df848e13c2069a233e74f9176a7d9f2f8b2747cb0e6da7f1a88,.ps1,,,,,,
psSDP/Diag/global/DC_NetworkingDiagnostic.psd1,28812,3abacc49272b6a4999e532778357b8806eb8d79ca582fd823587c68fc6c68413,.psd1,,,,,,
psSDP/Diag/global/DC_NfsClient-Component.ps1,21399,b8c4a7ebcdbdbcc0b1c8ab0c8fe69795cb8dd5d295aef31557e3e8cfd1253274,.ps1,,,,,,
psSDP/Diag/global/DC_NfsClient-Component.psd1,28888,c4db553bdce3a545a2461b686a6ae735c2c8bd872c6d75204e8a43cd3096256d,.psd1,,,,,,
psSDP/Diag/global/DC_NfsServer-Component.ps1,23759,37867863142062abe3a797f77fe803eb39d18068e30c17e17e483f7b7513b36c,.ps1,,,,,,
psSDP/Diag/global/DC_NfsServer-Component.psd1,28888,c4db553bdce3a545a2461b686a6ae735c2c8bd872c6d75204e8a43cd3096256d,.psd1,,,,,,
psSDP/Diag/global/DC_NgenCollect.ps1,16504,492389d0d5f38f2c0a8daebc94cd22741c5878e1dd76713100812bd035451843,.ps1,,,,,,
psSDP/Diag/global/DC_NgenCollect.psd1,29060,4f9c47e20bf07b84cb5905043da1b0458a7a54ce11c5e7ec1673f64473ea0c0e,.psd1,,,,,,
psSDP/Diag/global/DC_Office_Inventory.ps1,15390,42af0ac71ff56053088b9ba8818ce7d0ea07a72ba267bf85999e2249225b86b7,.ps1,,,,,,
psSDP/Diag/global/DC_P2P-Component.ps1,17325,1720a01a180305e77f3d3f572d489f72489a1e1f1a4dbf49e8dbd206ba7327a8,.ps1,,,,,,
psSDP/Diag/global/DC_P2P-Component.psd1,28942,13151aeb8e32b41f710572c36e85b42418e64560d4549255e8836c428bb1a6e2,.psd1,,,,,,
psSDP/Diag/global/DC_PFirewall.ps1,16206,41e249622a6c91612dea6cc0c1f0c7c32f8b200f36055dbbc34865a8e7a03149,.ps1,,,,,,
psSDP/Diag/global/DC_PerfPrintEventLogs.ps1,14665,dffe5b85152205997b289ff7ebc6b1a3768befcbcfccebafd48e2a6dabb4e001,.ps1,,,,,,
psSDP/Diag/global/DC_PerfPrintEventLogs.psd1,28812,3abacc49272b6a4999e532778357b8806eb8d79ca582fd823587c68fc6c68413,.psd1,,,,,,
psSDP/Diag/global/DC_PoolMon.ps1,15680,a49a9466d5cf6d0d5440c4d519617084c668253e0f202b89d8e143d85c110b9e,.ps1,,,,,,
psSDP/Diag/global/DC_ProxyConfiguration.ps1,63095,4e1e324c34fd236ddf94fa74c4d2823b7b7417727abb26e8e17d816e38e17585,.ps1,,,,,,
psSDP/Diag/global/DC_ProxyConfiguration.psd1,30468,2e41fcb5b5cb84e9c6f42ef5f28567306f57671dfab3d709c96861be422ba755,.psd1,,,,,,
psSDP/Diag/global/DC_Query_Registry.ps1,26973,b53b194a9b851088acf63d1939ff42264d3ae53c87fb8f3a3e31ef7c1f0effd6,.ps1,,,,,,
psSDP/Diag/global/DC_RAS-Component.ps1,22518,ea534c33719553bc3b1fa26eb4c44ffbcf0ab9069d9653a6206ad503712a2af2,.ps1,,,,,,
psSDP/Diag/global/DC_RAS-Component.psd1,29044,9b7da500f81d9ae1671a2e235994d3ad94a133412bd9f14cf196a27e2ef1f690,.psd1,,,,,,
psSDP/Diag/global/DC_RDG-Component.ps1,16523,fa911559673f07784ac8728776b70bc4f3c50892060b1f048777f52478b87025,.ps1,,,,,,
psSDP/Diag/global/DC_RDG-Component.psd1,29046,a185044322b770c514fa4179bdbadc0f29d8cabe5344ad9a6826319a4ed2666f,.psd1,,,,,,
psSDP/Diag/global/DC_RDSCB.ps1,22893,5b87ff6bb3b1b18c8cd0f45074389dd488fe39ab3b335e2fc483989ec2cffe96,.ps1,,,,,,
psSDP/Diag/global/DC_RDSCB.psd1,29418,93702299ea57aa189f9ccaca8eb1d7ef22e8fb0038d31f423afe63dc3908dde4,.psd1,,,,,,
psSDP/Diag/global/DC_RDSEventLog.ps1,15813,b41c9733be194b19f1d723511dfab6dc8bf6ab709cb32a950f3edca94ec31a4c,.ps1,,,,,,
psSDP/Diag/global/DC_RDSGW.ps1,18065,abaaf00a59a24bfdf96575dc6a793e408ae7eacfe3293b769bdf0f515b2997cf,.ps1,,,,,,
psSDP/Diag/global/DC_RDSGW.psd1,29680,a3e6c21a7b345e7cae7afca53df3a5cd326e24239e75c98de6677a4c7f104769,.psd1,,,,,,
psSDP/Diag/global/DC_RDSHelper.ps1,42693,b3bfef306b1bc936531e504308abf18b396834a54b860304addff44dd4f7b65e,.ps1,,,,,,
psSDP/Diag/global/DC_RDSLS.ps1,17004,16d3b001e3cf5b81637de01e7b1ce7fbdc27ec05fb26f49b3a0f9a72b4ffda98,.ps1,,,,,,
psSDP/Diag/global/DC_RDSLS.psd1,29576,dd1a3bf3ebcca228d1aa31f9944942a2d48c648c05549c0a6774acf0d0ea9a70,.psd1,,,,,,
psSDP/Diag/global/DC_RDSPowerInfo.ps1,15905,33242769f64801c68530535f535880632410ecc5e3330e1221214f3e11db4b40,.ps1,,,,,,
psSDP/Diag/global/DC_RDSPowerInfo.psd1,29326,97d7b7a655f339129ca778a31ea3b5f3b25a8ad80a19131401cf34f5a76efcda,.psd1,,,,,,
psSDP/Diag/global/DC_RDSRDWeb.ps1,14999,142ee09f340781dd187384b382a6dbd87490efe1a8b558cc574b557f86bab816,.ps1,,,,,,
psSDP/Diag/global/DC_RDSSH.ps1,28593,c7104647c303fba407522a0508c5feba37b2e7fc2e5b0c614e6f9f2a945b0455,.ps1,,,,,,
psSDP/Diag/global/DC_RDSSH.psd1,30876,2b41ac620afdd8c51d7585214eda4a2adf4adf37d5f3b3726aad6f49918ebbfe,.psd1,,,,,,
psSDP/Diag/global/DC_RDSServerInfo.ps1,23311,b64eb717f7cc2e8ed1dad646af789840d914dad9e35890aca61ab92cc1f96989,.ps1,,,,,,
psSDP/Diag/global/DC_RDSServerInfo.psd1,29662,9eed23d218e160e4d35aec94d4e658e6eb5b41e52acaab2662fcc6ea3ff446c3,.psd1,,,,,,
psSDP/Diag/global/DC_RDSSession.ps1,15495,79e2cac287cb8949ee0a7cd39a0a7fc0747731cf05da0a04bd32751f354136e2,.ps1,,,,,,
psSDP/Diag/global/DC_ROIScan.ps1,15869,67e75d1a0ed02f08fbf9b909ad8b54cd7b74131298c4ccc88186f5622bd9a7f9,.ps1,,,,,,
psSDP/Diag/global/DC_RPC-Component.ps1,17636,e852eb7def787c531385d6b469d56e6a1b6e04162da6f0833c4ee075b46b21ea,.ps1,,,,,,
psSDP/Diag/global/DC_RPC-Component.psd1,29038,e14099a2d3e7acd5fd4e329b3d0b9eb71aa3f500433ccddff8b65b0492856381,.psd1,,,,,,
psSDP/Diag/global/DC_RSoP.ps1,15337,63c9ce5a1a5889c1ca34e23301381b6c16843f2a4c367e250ebd37bc26fd3e01,.ps1,,,,,,
psSDP/Diag/global/DC_RSoP.psd1,29060,bf944c846b30db961e89801bfaeb8c611c92841a5c09c8fa0be2d61a60fe6f64,.psd1,,,,,,
psSDP/Diag/global/DC_RegPrintKeys.ps1,16867,cc7103e41d1f95af39ac9ad1ca51da8adce2478211d415d31000d66f813b0f6c,.ps1,,,,,,
psSDP/Diag/global/DC_Reg_ACLs.ps1,19158,e3bff97472a865998c00a9d40904e1c7eb42f377a032d59ff91c74308c04e0e1,.ps1,,,,,,
psSDP/Diag/global/DC_RegistryCluster.ps1,14906,7bd0956af9666eb2cfe881dc63ffa749d9a5ca42c808e6b0002a352cc2d638d1,.ps1,,,,,,
psSDP/Diag/global/DC_RegistrySetupPerf.ps1,20600,2b3f12e9ef070e8ae1403bb6716d41767eb1bfb63e40f44c941890963f43b0c5,.ps1,,,,,,
psSDP/Diag/global/DC_RegistrySetupPerf.psd1,29498,89ed2d5edef7492d17ea7451ad211085d65e2a001a5cb48009cca47df56b065e,.psd1,,,,,,
psSDP/Diag/global/DC_RegistryStorage.ps1,16016,49108a8bf403f6b5b77996bf68088f32cf4e12bd4c82da89ba00ddd7e34a0583,.ps1,,,,,,
psSDP/Diag/global/DC_RegistryStorage.psd1,28954,e52e4998aacecc11fd47c68ee49ce146c0b3d5c13c9707289b711ed49976c394,.psd1,,,,,,
psSDP/Diag/global/DC_RemoteFileSystemsClient-Component.ps1,20262,373563fc653495f523edd1b76eaf1ff40db0047fb91038d82a699375b841cacc,.ps1,,,,,,
psSDP/Diag/global/DC_RemoteFileSystemsClient-Component.psd1,28812,3abacc49272b6a4999e532778357b8806eb8d79ca582fd823587c68fc6c68413,.psd1,,,,,,
psSDP/Diag/global/DC_RemoteFileSystemsServer-Component.ps1,18506,45bec0928896990856ca6b88d1dd3068743594eb2678599650550e80eed171e8,.ps1,,,,,,
psSDP/Diag/global/DC_RemoteFileSystemsServer-Component.psd1,28812,3abacc49272b6a4999e532778357b8806eb8d79ca582fd823587c68fc6c68413,.psd1,,,,,,
psSDP/Diag/global/DC_Repadmin.ps1,16106,e4edbe4348fe19735b787dcab941c4126ff002e9c234d20daa0a89e7113be467,.ps1,,,,,,
psSDP/Diag/global/DC_RunSqlDiagScripts.ps1,27156,326c3242a3d6d9633b043b06df736655454f7fd2b17b2f47c15ee9b1b7c3fc9c,.ps1,,,,,,
psSDP/Diag/global/DC_RunSqlDiagScripts.psd1,29346,fe0f22d49d16df9f9b761db2c55d124ab41a4f30c91227d9c214c9f00ff37f35,.psd1,,,,,,
psSDP/Diag/global/DC_SCCM_RegKeys.ps1,23704,1d2377b511ee6e52f344a4defede54b60888991f77c36feabcdc00efbff53c69,.ps1,,,,,,
psSDP/Diag/global/DC_SChannel-Component.ps1,15346,caa2683180da0fe048cd92cd503cd19fcf55e741ff13a3d5999ed3d145239152,.ps1,,,,,,
psSDP/Diag/global/DC_SChannel-Component.psd1,28990,4fc123bce8e22907cfb43b8d3618dafc3da0454d41761af6b62273afea059c4d,.psd1,,,,,,
psSDP/Diag/global/DC_SLMGR.ps1,15404,21c08e5bece4af728ae978df9ebdaf6a2e08b302ced86e0d52374afae9495707,.ps1,,,,,,
psSDP/Diag/global/DC_SLMGR.psd1,29162,100910f780394c339d1c6abdbb7fc2d58d400df8a9ce1cdb511c3e09f71a1421,.psd1,,,,,,
psSDP/Diag/global/DC_SMBClient-Component.ps1,23652,a46efa731eb204947c145b18a8c5c0d7cdaedd3e01cba9312009a18aee260ea9,.ps1,,,,,,
psSDP/Diag/global/DC_SMBClient-Component.psd1,29050,aadfc1bef07af79ce230fee2635d9262d61d609d0b80c9470872699c4d174440,.psd1,,,,,,
psSDP/Diag/global/DC_SMBServer-Component.ps1,24988,776e22e101b1a5d8cbdae9dd56e20a5da53b33ca1bbd24c86e055db77d5851f7,.ps1,,,,,,
psSDP/Diag/global/DC_SMBServer-Component.psd1,29042,6060a99bfd22026e2aac600942db68735f120f826ea338fa6944ac41ef403374,.psd1,,,,,,
psSDP/Diag/global/DC_SNMP-Component.ps1,15860,3c9e04ae965400ff29a94c597f4355a2c228431e36c4b18d7033fad7f7eaee81,.ps1,,,,,,
psSDP/Diag/global/DC_SNMP-Component.psd1,28958,6ccef57d5ceebc7f427d3cdf2ce59b3fa1aa0bdf10ad9c403fd081740533b73a,.psd1,,,,,,
psSDP/Diag/global/DC_SQL_Misc_OS_Perf_Data.ps1,17691,0596c2ae7f6f214418359b1ad9b0e55e597a44bc2a3179f2321cb007918f2e8c,.ps1,,,,,,
psSDP/Diag/global/DC_SQL_Misc_OS_Perf_Data.psd1,29448,6e95100ba41564a3cdb68d4a3727b12b8b851369c4dfce4b70714e3d2aa251cc,.psd1,,,,,,
psSDP/Diag/global/DC_SQL_Registries.ps1,18693,82fd3b6b2bb3f7c425a041e664bdc7f1689a4240b88d018c3ab186ce71c1796e,.ps1,,,,,,
psSDP/Diag/global/DC_SQLcheck.ps1,15568,316ab9719063c58cd4acc7fe022ed13e14f4ae3fea1df4f3324b265f1eb3f373,.ps1,,,,,,
psSDP/Diag/global/DC_SQLcheck.psd1,29162,2dc42d856f1b37764135a20beca63a72d454c3f843e487d95d2b86728e261a30,.psd1,,,,,,
psSDP/Diag/global/DC_SanStorageInfo.ps1,33044,1af3cec4286a56a022ecdb24cd0147a085d67802bc75268d6479fb055e72f89c,.ps1,,,,,,
psSDP/Diag/global/DC_SanStorageInfo.psd1,29078,10c6ebd75aba940f5ecd37eafcc1308ba5c838324a3eab0f4565a0bd38981b7b,.psd1,,,,,,
psSDP/Diag/global/DC_ScheduleTasks.ps1,15375,b1f8f9d7121b8096bcc42b1bc5930afcca06a49d3981962aeab061c6fda0064f,.ps1,,,,,,
psSDP/Diag/global/DC_ScheduleTasks.psd1,29234,5e4d59d5b5eac056b64b4d8ff3adf67851f7ef7694f331470f2f80a8fdac43e9,.psd1,,,,,,
psSDP/Diag/global/DC_SecureChannelInfo.ps1,20203,61b665261ae332a4a3410130fa323fb0a8b63fbcda769276d6fe9c0f32924c16,.ps1,,,,,,
psSDP/Diag/global/DC_ServerCoreR2Setup.ps1,18547,3f67073774db4733ee2e876c10beffb392fba17911633eb0350b360f211471c9,.ps1,,,,,,
psSDP/Diag/global/DC_ServerCoreR2Setup.psd1,30006,ced46374d3fcb6e1e05a5f04b1c20439991f1a9f2589496f0f19c21f42f54852,.psd1,,,,,,
psSDP/Diag/global/DC_ServerManagerInfo.ps1,20549,ed7335ddf58bfdac660faea98df16a1caacd57814d1131ed0545dc414fa05dc0,.ps1,,,,,,
psSDP/Diag/global/DC_ServerManagerInfo.psd1,29182,0b6c36c7d5ae3863bae163499dee6703d5eb5c4fb598e653df50c256ec140daf,.psd1,,,,,,
psSDP/Diag/global/DC_ServerManagerLogs.ps1,16561,3e9f5176896a5c3e06e6e6decd7e66cc36e80a883d0270479f38b6ec0afee16b,.ps1,,,,,,
psSDP/Diag/global/DC_ServerManagerLogs.psd1,29516,baf09bef6de78ab674716af4ef8d85e0b6824c6ad3521e3e9b4857ba2fb54d75,.psd1,,,,,,
psSDP/Diag/global/DC_Services.ps1,16893,f4ed7b6fadd76f47ce4cc7f79604d5d8c45e77da2e0fe4a6d3af0b7d34ae4375,.ps1,,,,,,
psSDP/Diag/global/DC_Services.psd1,29050,aadfc1bef07af79ce230fee2635d9262d61d609d0b80c9470872699c4d174440,.psd1,,,,,,
psSDP/Diag/global/DC_ServicingLogs.ps1,26470,b19d6cfa92389884987a2a7a73b753fa7652f37526a3c2aeda5d47a86b2a5396,.ps1,,,,,,
psSDP/Diag/global/DC_ServicingLogs.psd1,29800,41fb0a8a4b8c44a97b009b6dbabfde0dad7cb65d988926fcef1ea729f8195dc1,.psd1,,,,,,
psSDP/Diag/global/DC_SetupAPILogs.ps1,15263,054d908e19e2292b97b607c984a60fcdc8e05db155eb0a31d3eda3a99a688f33,.ps1,,,,,,
psSDP/Diag/global/DC_SetupAPILogs.psd1,29168,0f185cd75734e8a91d63429b1320505e8b8be6916af160130d85a65d10581e3a,.psd1,,,,,,
psSDP/Diag/global/DC_Setup_Addons.ps1,40869,7075770d8eda2125e9f432e57fe553c9f8ee69b5a125fe538936988e5228bf32,.ps1,,,,,,
psSDP/Diag/global/DC_Setup_Addons.psd1,29002,8c2244d760c8b88985c87b2f8c9c505c84b035935ee065e419c0c2e674079795,.psd1,,,,,,
psSDP/Diag/global/DC_Setup_AppCompat.ps1,26154,be568d8fe05b284017b589e01a772af386542714a33819ad79a90c04ba9f1270,.ps1,,,,,,
psSDP/Diag/global/DC_Setup_AppCompat.psd1,29016,4268003f56d6146739cf380fb3e2634d8c0a7c79413691240e59307d6227d2d6,.psd1,,,,,,
psSDP/Diag/global/DC_StartupRepairProcessLog.ps1,14886,e3e3f47fb7f10de10af1743eafa13ccc6017737cc238e3aa35c03ce9c747bfbc,.ps1,,,,,,
psSDP/Diag/global/DC_SummaryReliability.ps1,15575,020ed324aa27c115226978b0662b0f947310e211c3a40d628387acfed3e08b64,.ps1,,,,,,
psSDP/Diag/global/DC_Surface.ps1,96906,2cc9631da567821e11c9bfe65b1ad180cb5a5016d8abf2428474ed4525cf2043,.ps1,,,,,,
psSDP/Diag/global/DC_Surface.psd1,28976,c30c3251611140af088782339c6cbc470b98ecffab5d42017c3485a5fa9e4b96,.psd1,,,,,,
psSDP/Diag/global/DC_SurfacePro3.ps1,70893,bedbf6aeac0cfe8eee50b684d327d18118af28d56cb7e17f5abd54031f6b774a,.ps1,,,,,,
psSDP/Diag/global/DC_SurfacePro3.psd1,28988,f3b89bd7e3c000fed0891b94cb6ed05a2d2d9b475f95d279697bac4d28fecafc,.psd1,,,,,,
psSDP/Diag/global/DC_SystemAppEventLogs.ps1,15005,f7e76fb3844fcb231febe21c694e3a2c946ef03726669fb1a3d6a58f80629427,.ps1,,,,,,
psSDP/Diag/global/DC_SystemAppEventLogs.psd1,31002,b47fb0b68bba7577b1e0af223f6628a40b056a3ff3b927cf67f7d77b72da42a5,.psd1,,,,,,
psSDP/Diag/global/DC_SystemCollect.ps1,32442,698ab4be178ed0713b66b81109903bee642942e1f69b381e8c85ea7dfa905f7d,.ps1,,,,,,
psSDP/Diag/global/DC_SystemCollect.psd1,31152,7e1380bfeedab5a8e428f54e956245987e8a1229e2ad7eb7cd2764f519742826,.psd1,,,,,,
psSDP/Diag/global/DC_SystemSecuritySettingsINF.ps1,16117,b112e696c35a7a89044ffd2e7e05196772d09ad624eee6446e31efb6d2c4edde,.ps1,,,,,,
psSDP/Diag/global/DC_TCPIP-Component.ps1,45175,b8079a670ea4c9609fc3bda4a3a8d50583eaf792cab5d18ccf8b92f0cbab7bb5,.ps1,,,,,,
psSDP/Diag/global/DC_TCPIP-Component.psd1,28966,6dafdb11a892e843cc55a783c747644baccf81df295050f5284788c2c92b7d78,.psd1,,,,,,
psSDP/Diag/global/DC_TaskListSvc.ps1,17040,6f6f8504924115864671a409f2a8a13968f6b6d964f543d05013b971cbddaac7,.ps1,,,,,,
psSDP/Diag/global/DC_TaskListSvc.psd1,29050,aadfc1bef07af79ce230fee2635d9262d61d609d0b80c9470872699c4d174440,.psd1,,,,,,
psSDP/Diag/global/DC_TaskScheduler.ps1,14746,fb5faf84a46c6ac8feaa8601736bae9ab1116136f77fb95791fbb3be5152df2f,.ps1,,,,,,
psSDP/Diag/global/DC_TrustList.ps1,26215,744ebd447946127dce831fb3fa64fb8bdbf4d02042139e88a78ceac502cf0033,.ps1,,,,,,
psSDP/Diag/global/DC_TrustList.psd1,29106,5bc8b9e8d67ccb924257e06ad2c426c8d34a30960555cae35b577ba6fa41102e,.psd1,,,,,,
psSDP/Diag/global/DC_UEXCollect.ps1,16849,bccfaaaca455ee791adf40839f2781d80df0618a5faa5db8861ebf777c5697e7,.ps1,,,,,,
psSDP/Diag/global/DC_UEXCollect.psd1,29072,e63304a7fa4ce593a3cce0a6393e2c2981b3765e2e4e5fac4532f7ffa58e58c0,.psd1,,,,,,
psSDP/Diag/global/DC_UpdateHistory.ps1,42786,72e6be0cdc731b1dd08e9b5df2affc94041d22d3fad073793e5327940f3ffc4e,.ps1,,,,,,
psSDP/Diag/global/DC_UpdateHistory.psd1,29310,76b1c279a0585d6b8f5827f836a9a31d2351d205a7b03d87b270e0cc7eccdfca,.psd1,,,,,,
psSDP/Diag/global/DC_UserLogonInfo.ps1,27543,d2e600badee9ced473d729f8c74a865fa3cedf05211806948850ab8737fb982f,.ps1,,,,,,
psSDP/Diag/global/DC_UserLogonInfo.psd1,29106,5bc8b9e8d67ccb924257e06ad2c426c8d34a30960555cae35b577ba6fa41102e,.psd1,,,,,,
psSDP/Diag/global/DC_UserRights.ps1,25508,b863c437b7e986dafb8306d6eec9fdf347c55dac7f8f9aaec207cec54ef23154,.ps1,,,,,,
psSDP/Diag/global/DC_UserRights.psd1,29062,e502554843ca6fb083a930193e6841474d62a6c22ecf300a88922dfbe9fd4f99,.psd1,,,,,,
psSDP/Diag/global/DC_UserenvLogs.ps1,15965,96e550fc51c294c4d15444a65dc875fc15064a99adb5c0d2b287f6211c948065,.ps1,,,,,,
psSDP/Diag/global/DC_VMGuestSetupLogCollector.ps1,14971,b2335dd4bc32507b05f0db5f49a920701bfb87f2602bdc283eb1b2136baf24b6,.ps1,,,,,,
psSDP/Diag/global/DC_VSSAdmin.ps1,16942,3f0594b4a66995159d199e37a171ff0302de233d634edd0e46c9c3052a6068f0,.ps1,,,,,,
psSDP/Diag/global/DC_VSSBackupEvtLogs.ps1,14636,b10973392ac49d1facc0ff03e0fbede1c52a9b93b9bc458faa7becf70aba3798,.ps1,,,,,,
psSDP/Diag/global/DC_VSSBackupFiles.ps1,15152,a8f3a45e982292fa831367f61400b4a4d29d26ef91028d6f5321db136e122e9c,.ps1,,,,,,
psSDP/Diag/global/DC_VSSBackupFiles.psd1,29058,ea5cac5369bd53ef540957f0d26f0ee4d9e42a6e2371d8ce6f49d2c170795d44,.psd1,,,,,,
psSDP/Diag/global/DC_VSSBackupRegistry.ps1,16895,ae174f3222f602b842d76d4519a3aa5f3016dce8ec0adafa58940a8b85aa3651,.ps1,,,,,,
psSDP/Diag/global/DC_VSSPSS.ps1,41580,5e8290830daf5352c55e0aa20ee5a632144869154033250834b22a4a154b058a,.ps1,,,,,,
psSDP/Diag/global/DC_VSSPSS.psd1,31630,af998f499d94dee1ecd820e25823b89009546268ee315ed5f950f9f16a461de9,.psd1,,,,,,
psSDP/Diag/global/DC_Verifier.ps1,15882,e5f64780fb4aa3af403239e8e23f16c4f7e55d5f7a9f275fbc037dd77787756b,.ps1,,,,,,
psSDP/Diag/global/DC_Verifier.psd1,29248,2c3a1f13454308fc29036c8c729bcbe7241570f20c21506d7d35accecb926b99,.psd1,,,,,,
psSDP/Diag/global/DC_W32Time.ps1,24505,648c0d85ebc7a980bbc16e16169a9b1fe6145bcdc6c1f7042dc5fc9d2e4f02ef,.ps1,,,,,,
psSDP/Diag/global/DC_WDSFiles.ps1,26510,c83017d86792e385c99d86c41aaee3e1cea162763e389cd6d5bc297970eec5a0,.ps1,,,,,,
psSDP/Diag/global/DC_WDSFiles.psd1,29000,e0a2e82c3724255a741682fc19643bd44244f65f4f5f2d1ba49ba2492952c7b0,.psd1,,,,,,
psSDP/Diag/global/DC_WGADiag.ps1,15245,1fc31172d3613b37040c21050da2bf7994a61910a57c4c12e29cce1ccf4ade24,.ps1,,,,,,
psSDP/Diag/global/DC_WINSClient-Component.ps1,17581,6d341b48a88695d408b19b28b09153eb94ffe61d6415a3a517ad79e8f38eba5e,.ps1,,,,,,
psSDP/Diag/global/DC_WINSClient-Component.psd1,29036,ea2a2f0c1c20edc5ad078a8ca60b489fbf65e48c75c84152fb07a6142b686a0d,.psd1,,,,,,
psSDP/Diag/global/DC_WINSServer-Component.ps1,17931,32314e9728a994f7f009568804fe86ac1f11091cbfd41c0ffda3f8d2075c04cb,.ps1,,,,,,
psSDP/Diag/global/DC_WINSServer-Component.psd1,29028,ce41cd856c2968339760d2039c507783b1077e3dcc3e9bd620df033b2462bd47,.psd1,,,,,,
psSDP/Diag/global/DC_WMISecurityCenter.ps1,16394,3f9f9a71ceba01939195601b1525b94d61ca35b6263ee62a7c254a08a992b8d5,.ps1,,,,,,
psSDP/Diag/global/DC_WSMANWinRMInfo.ps1,15412,0e73788ad151ebb8236a5dc95b4db3cb81aa002bbf214e8f52fd9aab40dba9ef,.ps1,,,,,,
psSDP/Diag/global/DC_WSUSServerInfo.ps1,28719,71645fee01a66ae85ce749007921c2e04580be079d4108c3659776cbf0cab686,.ps1,,,,,,
psSDP/Diag/global/DC_WSUSServerInfo.psd1,29904,d364ac721ab08cca03788b6f53f42621eb3344aa6d03055cdbd229cc5bddd22d,.psd1,,,,,,
psSDP/Diag/global/DC_WUAInfo.ps1,26285,f5514f625a3e16d2c469d76db41aa4b7b24abbecd9e3df82c26fdc28cbab8552,.ps1,,,,,,
psSDP/Diag/global/DC_WUAInfo.psd1,29546,05d2c7701f901bd9b85db23621bf35abea9e3539dd3f0eb6873332b5aa27ccb3,.psd1,,,,,,
psSDP/Diag/global/DC_WebClient-Component.ps1,18037,95316fc6f0b34d65611a13f8ecb0982c6478dbda6dcf8fdefcd513955e34cb85,.ps1,,,,,,
psSDP/Diag/global/DC_WebClient-Component.psd1,29094,864230f5704c4fd5f6a5fb679079414f35912806897a2e952a1913358ce1170f,.psd1,,,,,,
psSDP/Diag/global/DC_Whoami.ps1,15743,b4480b7271141624165e20de31a3b6dd23d94b9d5f905bd439c1d24b4b2cd235,.ps1,,,,,,
psSDP/Diag/global/DC_WinHTTP-Component.ps1,17324,bbea1b71c2c0320e468d530c8d576ea9939507a47173e18109aabf42a39f113a,.ps1,,,,,,
psSDP/Diag/global/DC_WinHTTP-Component.psd1,29010,a27562e08f6b1469b604c11ab759d54c46cbeaed5101e6f8a6690e03be4f6123,.psd1,,,,,,
psSDP/Diag/global/DC_WinRMEventLogs.ps1,14750,ad2bb0b238e156206be7b7dc2fe58fa7948c8adaceb87f6ebe4a5ab27114d54c,.ps1,,,,,,
psSDP/Diag/global/DC_WinSock-Component.ps1,18228,dd23f143fc3006df25ccd13d4c39b21ac5b457ca913fbba1d3e0ea4afedbbd1f,.ps1,,,,,,
psSDP/Diag/global/DC_WinSock-Component.psd1,29030,1c80dd5184b51ea11704f0fb034a9cc05576811cf9968c8cbba2ebb76fe82179,.psd1,,,,,,
psSDP/Diag/global/DC_WinStoreCollect.ps1,19582,fc783d1aad04d2e5f6841321876e0c801b327e73bfe783ca92dc8e97c90bbb48,.ps1,,,,,,
psSDP/Diag/global/DC_WinStoreCollect.psd1,29582,b6b220547e7375ebe4c85257523ba91b625f6c2a2ebded4ac502ce6450319b10,.psd1,,,,,,
psSDP/Diag/global/DC_WinStoreMain.ps1,16934,517a0e3fd1d2756e9ef98152a46048b4e0ab09554f4b80c149d2079b7d3d1db3,.ps1,,,,,,
psSDP/Diag/global/DC_WinStoreMain.psd1,28812,3abacc49272b6a4999e532778357b8806eb8d79ca582fd823587c68fc6c68413,.psd1,,,,,,
psSDP/Diag/global/DC_WinUpdateCollect.ps1,23250,51b91f7b63298206c59dbef72b3d196e52a9334ff136fa3392a04c33d33e6a04,.ps1,,,,,,
psSDP/Diag/global/DC_WinUpdateCollect.psd1,29924,e3d47f050f4e0b5296e819afd0c908627dc179e2c3700015b2f317029b598a82,.psd1,,,,,,
psSDP/Diag/global/DC_WindowsStoreAppEvtLogs.ps1,15392,2b39981035e6beb8ba8d0a97ea2da22d4f56ba6af0f3f9100f08d9a958bf73e0,.ps1,,,,,,
psSDP/Diag/global/DC_WindowsUpdateLog.ps1,27171,9c581e80308deca9c28fc3f83e02fe405286da58d4b0b0a45da0719fd36637a6,.ps1,,,,,,
psSDP/Diag/global/DC_WindowsUpdateLog.psd1,29056,f6416d178934ded06613c0aa71852854e2d3a43e6a09c543e2731332069f187a,.psd1,,,,,,
psSDP/Diag/global/DC_WinlogonLog.ps1,15304,020baf89e2cddbbd4283446c711be391b9451eff22630362cbd147b7c714f58c,.ps1,,,,,,
psSDP/Diag/global/DC_Zip2.ps1,17640,a5b4ab4d0874996272597aedcb51ad3489d532e4b30e11c4544b78d83ada2bd3,.ps1,,,,,,
psSDP/Diag/global/DC_Zip2.psd1,28812,3abacc49272b6a4999e532778357b8806eb8d79ca582fd823587c68fc6c68413,.psd1,,,,,,
psSDP/Diag/global/DC_pstat.ps1,15922,9d87782b2d31e8a061c2de6faec6c85503f667cc444c73169b864893cd71a60b,.ps1,,,,,,
psSDP/Diag/global/DPM_ProductIcon_2010.ico,62227,4b2cec5cc0c93815ded10b9309fa2a5acba7a73f08615ed5e4b39ad66ffd5f7b,.ico,,,,,,
psSDP/Diag/global/DSMisc.vbs,20118,d2580141cc5bf98a7e78b1b5dbbeec234961d8fdc6cc6b95d278e00dabe1e27c,.vbs,,,,,,
psSDP/Diag/global/Device.ico,43500,f3032b5c937d5b62a098bcd8a6294f499c57326bc4c1f507d8ab149a2bcddfaa,.ico,,,,,,
psSDP/Diag/global/DfsrInfo.vbs,142345,ec3b9e6b78e16b325c7f482b7c5b8b240d5ff2996ca512fa6a68abe29757c90d,.vbs,,,,,,
psSDP/Diag/global/DiagPackage.diagpkg,6733,6fbb8d52ec1b5e6f852400cda991582f3e3204a56b4f7be426b3c907297cbc70,.diagpkg,,,,,,
psSDP/Diag/global/DiagPackage.dll,14920,821ed468afcc2cf6225569ae74530bc8860ee0c84308a2a6f1a99b56e8207136,.dll,True,True,True,True,"CN=Microsoft Corporation,O=Microsoft Corporation,L=Redmond,ST=Washington,C=US","CN=Microsoft Code Signing PCA 2011,O=Microsoft Corporation,L=Redmond,ST=Washington,C=US"
psSDP/Diag/global/DiagPackage_APPS.diagpkg,35673,6be08a00de07e6723fe8c2a0876cae1aadfced30f4064a93c68d8fbcb6132e2d,.diagpkg,,,,,,
psSDP/Diag/global/DiagPackage_CTS.diagpkg,221013,31c6d94ff686d7d7e2c186766ae334a4267e73ac4d0b53b9994985ac10aa8702,.diagpkg,,,,,,
psSDP/Diag/global/DiagPackage_Cluster.diagpkg,171999,ca65db6950d39c9f2241b1768f9d19f29852cc144f5b9db66fd36d961d2ed7c8,.diagpkg,,,,,,
psSDP/Diag/global/DiagPackage_DA.diagpkg,49999,4dfd166846a84c165cb07364436e10e1605c6938ee98851b21e5f34e344b0026,.diagpkg,,,,,,
psSDP/Diag/global/DiagPackage_DOM.diagpkg,106344,d9fcc8d0a3f3924f5806dd7f6785ec85057af5a87850bf2355a5f527df673945,.diagpkg,,,,,,
psSDP/Diag/global/DiagPackage_DPM.diagpkg,11393,3a6d0a87a1bbc4ff9ba43a124bc3990c1231c95c9bf6f202fc2fd2705a8eedf5,.diagpkg,,,,,,
psSDP/Diag/global/DiagPackage_FileSharing.diagpkg,67283,726ec99b2393036def2a005e79a71fdd4b2b177a3b7e2d0a56c9c15f1c9f0737,.diagpkg,,,,,,
psSDP/Diag/global/DiagPackage_HYPERV.diagpkg,162136,2ed7ceb79b9f4991c7ce7ff8f14eec3e013556d292c301ebf483f8245123460c,.diagpkg,,,,,,
psSDP/Diag/global/DiagPackage_NET.diagpkg,55170,c8008ad13951a60cbc573f0964ae45f665444cc4b6d708c4cd15bc548a4c6bf0,.diagpkg,,,,,,
psSDP/Diag/global/DiagPackage_PRINT.diagpkg,167082,01d9f9f09de9ce340912c927c86ce4a3e32c89446a7916fa0e6f246a73bf4735,.diagpkg,,,,,,
psSDP/Diag/global/DiagPackage_Perf.diagpkg,164442,7800f045ca1da0a4f2e6126179acf5303554c8e4a55a9ae08622ac059ec4d0d2,.diagpkg,,,,,,
psSDP/Diag/global/DiagPackage_RDS.diagpkg,62261,beb3fc46ffd12d22b4864255ac697b967c084f1520e95714833941e8680f1965,.diagpkg,,,,,,
psSDP/Diag/global/DiagPackage_REMOTE.diagpkg,277395,8a3661a92927dc2f620012f7bfd9049959fbd7a5ff1d37e525dc667ffcd47bbe,.diagpkg,,,,,,
psSDP/Diag/global/DiagPackage_S2D.diagpkg,171999,ca65db6950d39c9f2241b1768f9d19f29852cc144f5b9db66fd36d961d2ed7c8,.diagpkg,,,,,,
psSDP/Diag/global/DiagPackage_SCCM.diagpkg,40004,d2b5413f5d111edea616ca0f5c58e5702c8108cd4088b02eafb2bc247ec8a60a,.diagpkg,,,,,,
psSDP/Diag/global/DiagPackage_SETUP.diagpkg,175767,83b1f473530e04ee4e1a5858f18d0b481b93b12013aba22e2d8155c5721392be,.diagpkg,,,,,,
psSDP/Diag/global/DiagPackage_SQLbase.diagpkg,22894,06f6d3600444f29ccc014c01bd5dae9787f931f50192fff1739e63b9545ac546,.diagpkg,,,,,,
psSDP/Diag/global/DiagPackage_SQLconn.diagpkg,5411,241f304c1c0f5e9c1ed440847848b2ec2b4ac2ba525582a264291d93898240b2,.diagpkg,,,,,,
psSDP/Diag/global/DiagPackage_SQLmsdtc.diagpkg,4440,06aa0cfa16884ffcb9dbf33f22f30f6e9cee00b5fe6f336a74d578811e101228,.diagpkg,,,,,,
psSDP/Diag/global/DiagPackage_SQLsetup.diagpkg,6739,fef512a02c6aaff48eab99ae1c9fb5e3d8a2e46213898578846846ea061d0117,.diagpkg,,,,,,
psSDP/Diag/global/DiagPackage_SUVP.diagpkg,2658,06abbcaab7e720cf857c084da3e125b8bef6f6743869f3983bb0352746d0af6a,.diagpkg,,,,,,
psSDP/Diag/global/DiagPackage_VSS.diagpkg,6733,6fbb8d52ec1b5e6f852400cda991582f3e3204a56b4f7be426b3c907297cbc70,.diagpkg,,,,,,
psSDP/Diag/global/DiscoverySet_OperatingSystemCore.ps1,17213,77c7d9decf7ab58acf7bde81b28c61d39799b09f43984f47426c06d646b9caf3,.ps1,,,,,,
psSDP/Diag/global/DistSvcs_Utils.ps1,42191,d9edf4f689c4e6a2172cea0d66a01792f07c5dea5b9ce2e62724cbb84fbabdbf,.ps1,,,,,,
psSDP/Diag/global/DumpCollector.VBS,355942,cb4cc1fc39e8de5965b69111e7b941224580ed4e2185ae5f3a19573f3d45f36a,.vbs,,,,,,
psSDP/Diag/global/DumpEVT.exe,117816,2d8f292aac0a95ba2450fc7456c7972d5d7fbf659f7e4a0618d6a857cfd7cec4,.exe,True,True,True,True,"CN=Microsoft Corporation,O=Microsoft Corporation,L=Redmond,ST=Washington,C=US","CN=Microsoft Code Signing PCA 2011,O=Microsoft Corporation,L=Redmond,ST=Washington,C=US"
psSDP/Diag/global/Eula-CSS.ps1,28401,93475c8fee8afcf39fc9b071ed84f75c11a4690bd023a5fd69482231ef5d3519,.ps1,,,,,,
psSDP/Diag/global/EventLogAdvisorAlerts.XML,2162,0f3d26d4968c5fad3f5ad750a9f362bc4c35463c873037353b6bf706c6cf0691,.xml,,,,,,
psSDP/Diag/global/ExportReg.ps1,15978,d23976cceb0dd2568bfa9a077676d7ea0dc5788f43bb5a32f39e496ec3fb64c8,.ps1,,,,,,
psSDP/Diag/global/FindSQLInstalls.vbs,79810,e8701ef238bef575b9aadf511185ad4cdbb3321c99343032c1c834b478b2ebdc,.vbs,,,,,,
psSDP/Diag/global/Functions.ps1,36673,5664c52891eaa8bfa9124a8aec9cdb9569e3c7c46a923f78eb3a86cb10a08541,.ps1,,,,,,
psSDP/Diag/global/Functions.psd1,29170,4bab58ead87149fcf3549ba4891e1bee6e74c3b3af0eac42ae445c859d674dca,.psd1,,,,,,
psSDP/Diag/global/Get-NetView.psd1,18776,5a8449626954ff1bf509bd0f06f57bc7446021fa4757f4d10666976a26eba438,.psd1,,,,,,
psSDP/Diag/global/Get-NetView.psm1,137601,666145012438798b59f271d89a4a4f76283254e3471ac95ee9d4f518df049b7c,.psm1,,,,,,
psSDP/Diag/global/Get-WSUSBasicInfo.ps1,29178,bf28d047784ae482a2064fadd8fe61915a4b982629e7854bd83510bbb79e9667,.ps1,,,,,,
psSDP/Diag/global/GetCM12Hierarchy.ps1,21325,7ec7ded3e320fde8e902665b0b97c74e758a1571945e84cefd2eeec2a03d1b72,.ps1,,,,,,
psSDP/Diag/global/GetDiagInputResponse.xml,145,e26674a5df3bdfc0af891f7ba07553a421d7255ff49849c07250593e0ae9bcc0,.xml,,,,,,
psSDP/Diag/global/GetEvents.VBS,162437,9a36eacac1e24ae07a555148976e3ed3ab0614a18a24aedbf01c97d37688db63,.vbs,,,,,,
psSDP/Diag/global/GetNetView.ps1,16306,1ab5a934254a3c99dc6887138e7b26c443c3a26238d091b5896c90fcbb48dd33,.ps1,,,,,,
psSDP/Diag/global/GetSddcDiagnosticInfo.ps1,22753,bf4a89150005e307cdf1856c24165f6cbe9b65e0fba13dfeafd56433f6496fe9,.ps1,,,,,,
psSDP/Diag/global/GetVirtualEnv.VBS,34588,9a08a0d91febc5649485972fda026ca7387719025d3f51a85f97f64a0c853ebb,.vbs,,,,,,
psSDP/Diag/global/IISVDirInfo.vbs,22357,037be68d5092a3f943b11f35630c4830b41ba02e61c4f63a484895b3a5d3c657,.vbs,,,,,,
psSDP/Diag/global/Images/CHECK.PNG,865,518752ef78aee5255e748ee9ee23b7d5bc5adc5c0e0fe428fcfcfcaf6749ea9b,.png,,,,,,
psSDP/Diag/global/Images/COLLAPSE.PNG,3640,5d0ca31251e350a68e65af9a01bc42fea046b3f639c210f993dcadb482697e54,.png,,,,,,
psSDP/Diag/global/Images/ERROR.PNG,865,a9f49427c4354c038fb1b34bb2c914cb16a7d5a6996e6fa6038961a3bfd17073,.png,,,,,,
psSDP/Diag/global/Images/EXPAND.PNG,3632,8ae5df58b10b6fd9e46566634a6616078bb22b1f8cffab86f48f7eef72f65b54,.png,,,,,,
psSDP/Diag/global/Images/INFO.PNG,814,011875610d7598fe7ab159c73eedeba596e09be5c7ed60da7a97d35b7d531ce2,.png,,,,,,
psSDP/Diag/global/Images/PRINT.PNG,564,033e26153e213cc6f9b543d74839068ebcf6e33fa09b8aac94ac74ef3e60ac85,.png,,,,,,
psSDP/Diag/global/Images/WARNING.PNG,618,11043c0827668ab7a6e4bafbc728a0ab13ee5564e52f9ef87b97e6c05bb361a4,.png,,,,,,
psSDP/Diag/global/MGADiag.exe,2036280,ea10d414ce6266f910ab05835526b62b72c405b38d03311ccb52aad6a5e2f821,.exe,True,True,True,True,"CN=Microsoft Corporation,O=Microsoft Corporation,L=Redmond,ST=Washington,C=US","CN=Microsoft Code Signing PCA 2011,O=Microsoft Corporation,L=Redmond,ST=Washington,C=US"
psSDP/Diag/global/OTPTrace.xml,595594,85cdf4d97220fd03e5f0c261c065d90fc2d5cf97bb6bec7868bb3a8d1974d23f,.xml,,,,,,
psSDP/Diag/global/OfficeCommon.ps1,93014,b58269bae839387eb63dc00c7273e4bff78e7f72543c1d68d048ed3f3d88509b,.ps1,,,,,,
psSDP/Diag/global/PERFOS_STATS.VBS,19922,77d23e19078f923bdf0abb9fb50b3cf5b420cb3afe51571b61956eacf19b1ce7,.vbs,,,,,,
psSDP/Diag/global/PSSDiag.XML,469186,9e2173acf9958c914f9db0e715a50fa87ac942a525a03032e21f7eb610d6a12d,.xml,,,,,,
psSDP/Diag/global/PrintInfo.VBS,194130,1e1149902efbf6f75821c09a5aae33afccfa827643491e23b0480f002df62bd0,.vbs,,,,,,
psSDP/Diag/global/Printer.ico,9662,96c3949716191dffdfb4fb91a9f135b135d5ab4311bc7e4bfd2a47f7dc3c6cbd,.ico,,,,,,
psSDP/Diag/global/PrivateCloud.DiagnosticInfo/PrivateCloud.DiagnosticInfo.psd1,18124,66a60145174a99086a6ecedb9337126998dcb82b5d0c8164044594b34ae30c01,.psd1,,,,,,
psSDP/Diag/global/PrivateCloud.DiagnosticInfo/PrivateCloud.DiagnosticInfo.psm1,270941,b2de94e6df91c6e7c34f7f4cf657c7d61ed70dad13f307a7155ef3f4c2a45650,.psm1,,,,,,
psSDP/Diag/global/PrivateCloud.DiagnosticInfo/version_SDDC.dat,21,9145678c458d767d8a4977dadb9295df3a31dd7717755579351e930ed7364c67,.dat,,,,,,
psSDP/Diag/global/ProcessesPerfInfo.vbs,276240,f492c2940a57e2523757fc8d666d9cc4f12ea3fe78b025f019948c2aea17ce75,.vbs,,,,,,
psSDP/Diag/global/RC_32GBMemoryKB2634907.ps1,17380,951b8a38ff9d1b916963547ea81fe7f15b06f68b8c72c92db769f4f462f0af85,.ps1,,,,,,
psSDP/Diag/global/RC_32GBMemoryKB2634907.psd1,29016,d8ee5a93a9d655381ca3adbc01ed2eaad1878d209ee4d399110b4f236430e7f1,.psd1,,,,,,
psSDP/Diag/global/RC_DCOMEnabled.xml,1291,e418b8a1e80725220e07cef9833e6a86a78fe9a2a16148b5591575f56265d2c2,.xml,,,,,,
psSDP/Diag/global/RC_FirewallCheck.ps1,16737,2c6ea1988bc587acd2cb8fd31f9da1f1403c697c85b8d76a24856a22723fca4d,.ps1,,,,,,
psSDP/Diag/global/RC_FirewallCheck.psd1,29422,b141ba55fc566b703891a872e008c68b388350a47fac67d67fe22181bb6740b2,.psd1,,,,,,
psSDP/Diag/global/RC_HTTPRedirectionTSGateway.ps1,18846,c3f8a0d02f95464c3fc35a00238b55853cbd9823e24a61d8897dc50631f987d8,.ps1,,,,,,
psSDP/Diag/global/RC_HTTPRedirectionTSGateway.psd1,29946,153cf3857dee35cc75bb3c30f76c374b0184e14c00997dad1e796829bd80587d,.psd1,,,,,,
psSDP/Diag/global/RC_IPv66To4Check.ps1,16486,db1ea1888323365a1502bd3e7b63eb8da5db1359848dd17c7802f51bb773af54,.ps1,,,,,,
psSDP/Diag/global/RC_IPv66To4Check.psd1,29044,f4033b6690abd4c8fc4534eb82dd4824cbd6168fd4f4415ea9ed09c8a36c9093,.psd1,,,,,,
psSDP/Diag/global/RC_KB2647170_CnameCheck.ps1,16569,87d25a45220f22ed8dbfa4465aaf2f73b261c14ffe8f184e73d372f6e3836a6e,.ps1,,,,,,
psSDP/Diag/global/RC_KB2647170_CnameCheck.psd1,28812,3abacc49272b6a4999e532778357b8806eb8d79ca582fd823587c68fc6c68413,.psd1,,,,,,
psSDP/Diag/global/RC_NetworkDTCEnabled.xml,1303,0dd1fe9029f5bee3a7fcd89f9cb6f5ec7107a8cedb4a1be60998f605c7d4cd8b,.xml,,,,,,
psSDP/Diag/global/RDS.xslt,48609,a61440ec81d53727a21f356c0ff1a936e77e744943e3c893ebb8e33205f8ec33,.xslt,,,,,,
psSDP/Diag/global/ROIScan.vbs,539724,de5a1c4b81d5e1bdc0ad951375dac3e4d3e40dbb481781208057d3657f4d2a77,.vbs,,,,,,
psSDP/Diag/global/RS_BPAInfo.ps1,17112,b0c6353df9c3921cec17a0369943c9d4196e81ef237dedaf24a5a76803f73b9c,.ps1,,,,,,
psSDP/Diag/global/RS_Blank.ps1,14413,09a64fe628298f59d023f9c13917a866b1222f6b9ea6bd0da5dfb42b6e2921cc,.ps1,,,,,,
psSDP/Diag/global/RS_CSVLocalAccess.ps1,14914,22f61b0e6a113ce2ed05636a44099e94aafc169b98491cb3dbd6219f5dc33a83,.ps1,,,,,,
psSDP/Diag/global/RS_CSVMaint.ps1,15362,d1c31922ad4c40fe3f161363750134a1c3931c3ce7241119d887130b8e99bd76,.ps1,,,,,,
psSDP/Diag/global/RS_CSVNetworkAccess.ps1,14926,14a110ab31a20aa9fff250928eb63cb749265c982cdd7de43b6ec3ce2f707b83,.ps1,,,,,,
psSDP/Diag/global/RS_CSVRedirect.ps1,15189,60b459a1df3e49be93911228281deb81dd0c7a4bf34ea7107eb291e4e0322972,.ps1,,,,,,
psSDP/Diag/global/RS_ClusterSCMError.ps1,14463,6133d626871fd548d748342bdf0c181da446c17caeab2725eb53ee31a2724145,.ps1,,,,,,
psSDP/Diag/global/RS_ClusterValidationError.ps1,14627,013feac788671febd8fd9d21c9d063ad6e504dbcaf458cedca24e5f3959d8803,.ps1,,,,,,
psSDP/Diag/global/RS_ClusterValidationTests.ps1,16891,f3795c169af62d5d027c531db37f832c64fd53206bb4956d2958382cc467beb9,.ps1,,,,,,
psSDP/Diag/global/RS_DumpCollector.ps1,15238,7d8d9cd8d190aa369f3ec1eae63e63553d6ebc699c70d163c14aa1cc815f65b9,.ps1,,,,,,
psSDP/Diag/global/RS_ETLMoreInfo.ps1,14670,d1bd284d22d38c2092e0d332eceb6c92e266a2e876a7c51f21063b59afc8fdb2,.ps1,,,,,,
psSDP/Diag/global/RS_GenericMessage-1051.ps1,14443,8bd3eeb525804df89ea1ad073900cc30d44d6ad34429ca2ebdf97e905480137d,.ps1,,,,,,
psSDP/Diag/global/RS_GenericMessage-149.ps1,14443,8bd3eeb525804df89ea1ad073900cc30d44d6ad34429ca2ebdf97e905480137d,.ps1,,,,,,
psSDP/Diag/global/RS_GenericMessage.ps1,14439,d72ba5481dcf5664aebfe09245e1d059c66c6fb0c69f962a7467605cbc5c9ad9,.ps1,,,,,,
psSDP/Diag/global/RS_GetEvents.ps1,15382,1008d5c366b0dd7cae998b721b1d23b9054040d2cbe30c96fa85208366735300,.ps1,,,,,,
psSDP/Diag/global/RS_PerfmonSystemPerfWarning.ps1,16415,c9abed0edd8857c6edef6a85ccc6104800ef291e408bf2e71c97c17ec1887151,.ps1,,,,,,
psSDP/Diag/global/RS_PrintInfo.ps1,15090,b77398c89b3a651371999e227dfa19fc3f2db4b1071be9cccff4e7e7ffea7b99,.ps1,,,,,,
psSDP/Diag/global/RS_ProcessPerfInfo-13243.ps1,14440,76ab6d7c6b39780a208678ef6512b1211509ea2b443928df01459948de83b104,.ps1,,,,,,
psSDP/Diag/global/RS_ProcessPerfInfo.ps1,14444,9ee007042593668a54fd4022aa930e05e2eb6c31f38de04683f0d2eee77c2ab8,.ps1,,,,,,
psSDP/Diag/global/RS_RemoteResolverProcessing.ps1,21206,76448c3412102f60e8c565bfa8b5376de4966e09c5fa3f4a32070228c8c22582,.ps1,,,,,,
psSDP/Diag/global/RS_Virtualization.ps1,16166,09ffc668d287f98a7ae049c9f1e9695e1293ae4410924b987696809a26b3b73d,.ps1,,,,,,
psSDP/Diag/global/RS_Virtualization.psd1,29070,cc8458736312722b1d2551dd87e2e54e90f19cb84e9a934b6a583ac2aa10925c,.psd1,,,,,,
psSDP/Diag/global/RegistryKeyToXML.ps1,26157,4d984cef2169e70c05bada3fdc55c18b923f1a5328f7d43bc167db5d561d7e9d,.ps1,,,,,,
psSDP/Diag/global/Run_Discovery.ps1,16629,dbf30fe75306293d8d3296c0ab1b6e09453e0f1f7659a1eb9e9a3fdec1d9b65f,.ps1,,,,,,
psSDP/Diag/global/SAN.exe,149064,04ee3e478f29718b0b8237b546d0822316e80580ce33b6e827b3d3956ae4546a,.exe,True,True,True,True,"CN=Microsoft Corporation,O=Microsoft Corporation,L=Redmond,ST=Washington,C=US","CN=Microsoft Code Signing PCA 2011,O=Microsoft Corporation,L=Redmond,ST=Washington,C=US"
psSDP/Diag/global/SQL_Debug_Registry.ps1,16270,18e1b2e5b5225cf4d27e20ee75345fc541ba6f3bfc364f0f00c5c81f13238b80,.ps1,,,,,,
psSDP/Diag/global/SQL_Get_All_Services.ps1,16247,887885553adcad9975c1b9a8e1eb92564fe282ebdfedea08521d08048f6fd4f7,.ps1,,,,,,
psSDP/Diag/global/SQL_Get_AzureVM.ps1,15713,3ae7d11de9dd8fb4828bb3dab011acbab9b8111f6c998282d09a8681face3f9a,.ps1,,,,,,
psSDP/Diag/global/SQL_Get_SystemInfo.ps1,16230,c06f38d9322604edb0e7ceaf0b8bb24b3fbfe710627ece26695924743da5e65d,.ps1,,,,,,
psSDP/Diag/global/SYSINFO.VBS,26179,caa5c5ed5a43b02b7fd1340ff242ced4c6292013617154e48481c6fc093b1bc6,.vbs,,,,,,
psSDP/Diag/global/SecurityKerberos.xml,31172,aba6fc63d2dbd27ab2bae31ed29f6b1d4d872d6b732eea086028a9d1c15a8f66,.xml,,,,,,
psSDP/Diag/global/SecurityNTLM.xml,31132,2d4e984a3ea0281a4bc7e46b40222488dbec3484e2bd78e3a69a072e0a1359be,.xml,,,,,,
psSDP/Diag/global/Showpriv.exe,20536,cdeaa258fb554fc8853b8d2aa0a0322e808e07952a7da27321173083a1b796f1,.exe,True,True,True,True,"CN=Microsoft Corporation,O=Microsoft Corporation,L=Redmond,ST=Washington,C=US","CN=Microsoft Code Signing PCA 2011,O=Microsoft Corporation,L=Redmond,ST=Washington,C=US"
psSDP/Diag/global/SummaryReliability.vbs,159561,d79ac7a26cdc96886db16d11ec590d8b6c5378a10c0fd290eb67a3fbcd40ecdd,.vbs,,,,,,
psSDP/Diag/global/SystemPerformance.xml,7062,5e6c854699b41fa789bb90df67ef341f7aaef57b66c2bfe2471f9eddff520b07,.xml,,,,,,
psSDP/Diag/global/TS_2628581_HPUPDUpgrade.ps1,17168,69e8018d72d8ce142a612cb2f28b80a07acdacfdf669cc307dd2a102dd95f49b,.ps1,,,,,,
psSDP/Diag/global/TS_2628581_HPUPDUpgrade.psd1,29648,b17183b9a134c3932024cd6e17f2e969f3c259f703cf926017273de5a2612ce5,.psd1,,,,,,
psSDP/Diag/global/TS_2K3CLSIDUserACLCheck.ps1,17543,d36694254cff410784e6636c109c050cf5ec692197065fed236141a402925ba9,.ps1,,,,,,
psSDP/Diag/global/TS_2K3CLSIDUserACLCheck.psd1,29020,8ec5a59bffaef6c726689619d606ed6b3bbfcd5fa88ab0ebb4d2a6a13598d5a0,.psd1,,,,,,
psSDP/Diag/global/TS_2K3PoolUsageMaximum.ps1,16748,d9248b437fd3623cb2b91222a539f673f405b31e8dac2e4550ca1fa07a6ac25c,.ps1,,,,,,
psSDP/Diag/global/TS_2K3PoolUsageMaximum.psd1,29002,dfe9a91ec8e21cc46c6b0d5278931733fbdb0cd61533d735556eae4a2c92185a,.psd1,,,,,,
psSDP/Diag/global/TS_2K3ProcessorAffinityMaskCheck.ps1,17310,54edc5ba99a3267f9a34bf8a7d7d870724d1cad24e4d9ea860f7ede57c7e9d89,.ps1,,,,,,
psSDP/Diag/global/TS_2K3ProcessorAffinityMaskCheck.psd1,29238,76165752753fa3cbe12076a53cf9e6870cbd8bcbd6d1b50ef1fb6d7d59d8adca,.psd1,,,,,,
psSDP/Diag/global/TS_ADReplCheck.ps1,21301,e742342a1128bc15892e907a172de954218630cb87e758cd9229f8391535b0e3,.ps1,,,,,,
psSDP/Diag/global/TS_ADReplCheck.psd1,29222,b4c41d031910be5ecd67381efa379764f4ffc07c54ba686d546580a8395a9d1b,.psd1,,,,,,
psSDP/Diag/global/TS_ADRidSetReferenceCheck.ps1,18474,93672945438df7f66f49b67f54d7386e9dcf2b4e2c40102fd6ae0329494d0bf8,.ps1,,,,,,
psSDP/Diag/global/TS_ADRidSetReferenceCheck.psd1,29922,eb582c216fa1ad853e673c34fd4534bf7b598ca17cf5692fd08b96627aeccafa,.psd1,,,,,,
psSDP/Diag/global/TS_AdapterKB980486Check.ps1,19108,c2c7acae6ae179af4d29df16b2b7b63cf49bfbddcdd21b71827e808b510b64b3,.ps1,,,,,,
psSDP/Diag/global/TS_AdapterKB980486Check.psd1,29108,3b4bd7b44ec8382a2af7e2f4d51fe6d1033c89c4950bf33f7d424d19a7f6f423,.psd1,,,,,,
psSDP/Diag/global/TS_AnonymousAuthentication_Enabled.ps1,18531,340d13352f58cc93d80ab9462186e2c608090867b48422bb20ea61b409ee7eb7,.ps1,,,,,,
psSDP/Diag/global/TS_AnonymousAuthentication_Enabled.psd1,29306,23c2ce4160b5e27207f85ef396a989242bd265ba92e761451060750969b6a61e,.psd1,,,,,,
psSDP/Diag/global/TS_AppCompatDisabledCheck.ps1,17092,9f027dbfe47123e9fe9753530226af3b650b88a8a36e75e152741c51af77073f,.ps1,,,,,,
psSDP/Diag/global/TS_AppCompatDisabledCheck.psd1,28968,ce5d43189a59fe06291975359b8cc18de56ae9cea013fd63dfcdd9dc169af5bb,.psd1,,,,,,
psSDP/Diag/global/TS_AutoAddCommands_ALL.ps1,56877,79c25a588285540aa33d5919305a76d77870bdc5c0bdd77063ea3458a64e13c7,.ps1,,,,,,
psSDP/Diag/global/TS_AutoAddCommands_APPS.ps1,19344,0ea8b2e8922357ef5c372ef01684f89541698544afd4dd870bbfb8dac4c50f15,.ps1,,,,,,
psSDP/Diag/global/TS_AutoAddCommands_CRMbase.ps1,17175,8681d92ca44f088b5cb7e41268c64759185a21041c65669c75cc13f08083c5e3,.ps1,,,,,,
psSDP/Diag/global/TS_AutoAddCommands_CTS.ps1,39351,262c7ebd07dc4f8c485c0cee97f453f830e946603f566a464cbb7bae37d313a1,.ps1,,,,,,
psSDP/Diag/global/TS_AutoAddCommands_Cluster.ps1,35428,d7881f80f683d4b3aef3d385e1f53be4c3c23e07a912d6a5949f41256b05ffce,.ps1,,,,,,
psSDP/Diag/global/TS_AutoAddCommands_DA.ps1,28684,64d40eef5190c12687f557c2782641b09f6d0bd153813f82d1e53cb1bc6a17a9,.ps1,,,,,,
psSDP/Diag/global/TS_AutoAddCommands_DOM.ps1,27654,bdd9f4e271f4df23023c312aa58e0005fc14c116ab7ce7c547693e190483652e,.ps1,,,,,,
psSDP/Diag/global/TS_AutoAddCommands_DPM.ps1,15640,a4d0509f2c23f955a53805d267932556e4605b5b7d53d88f3f41bcf61f3b5a24,.ps1,,,,,,
psSDP/Diag/global/TS_AutoAddCommands_HYPERV.ps1,33677,041e4c89d5aee94c3ae50ad6c40718e0e5cfc6f5e05e80d2f6f38f447d9f7ff1,.ps1,,,,,,
psSDP/Diag/global/TS_AutoAddCommands_NET.ps1,29533,2136f7403533f09662cc9aee1bb5b9615dbad3d03028e721d5bcd54086388a12,.ps1,,,,,,
psSDP/Diag/global/TS_AutoAddCommands_PRINT.ps1,33177,3e3930912ea98dd48e52b32563a3bcd037b124f2dc796171490c9d8b1d26355f,.ps1,,,,,,
psSDP/Diag/global/TS_AutoAddCommands_Perf.ps1,32667,cb38e8f58aeb6d1aa222cff879bc30d1c870decbb7a570838dd067893a6427f3,.ps1,,,,,,
psSDP/Diag/global/TS_AutoAddCommands_RDS.ps1,20730,3a9e1eb4b4c58817758b0113fe5607863efde678bf4c806832de72a69466df47,.ps1,,,,,,
psSDP/Diag/global/TS_AutoAddCommands_REMOTE.ps1,43061,90a2c5833545c88fd3a91810791529ad8e32f6adefbe7f59e9fe1164aeb06d53,.ps1,,,,,,
psSDP/Diag/global/TS_AutoAddCommands_REPRO.ps1,20081,edb84af8e0437712802612e9df10a44dce32582fbda1ec0daad783231b792ca5,.ps1,,,,,,
psSDP/Diag/global/TS_AutoAddCommands_S2D.ps1,35419,6accdb6e4cd320c12cae5ef6cd8b7393558f067d8da119152f7d9067911ac22b,.ps1,,,,,,
psSDP/Diag/global/TS_AutoAddCommands_SCCM.ps1,19302,9ffd3d80ce82e1ce3eea377c73efabca0b39af53930cc021000230b2b3014a6c,.ps1,,,,,,
psSDP/Diag/global/TS_AutoAddCommands_SETUP.ps1,38809,871f6400db9fad0a99dfc6eca4d3c49c56cc3475445f90ca3bf29ba9748be719,.ps1,,,,,,
psSDP/Diag/global/TS_AutoAddCommands_SQLbase.ps1,20672,637cc695941ff004ec0ffc165e28ba805429495e9d1b2cfb090fa7aaeb76fa4f,.ps1,,,,,,
psSDP/Diag/global/TS_AutoAddCommands_SQLconn.ps1,18356,d0b6c2cb74f1f46aaf58b7cf46a34bd16f6c08e1da08fa66c48fbb1b9c545b84,.ps1,,,,,,
psSDP/Diag/global/TS_AutoAddCommands_SQLmsdtc.ps1,16144,8717e85d42dd055b13154e74122c75cfe5ba7943c19b82fe399c47b08860bbfc,.ps1,,,,,,
psSDP/Diag/global/TS_AutoAddCommands_SQLsetup.ps1,20583,6f507b9d1d65923f55e8b5dd11d1e66651c56496cd4f4cfa01bad9aace6bd949,.ps1,,,,,,
psSDP/Diag/global/TS_AutoAddCommands_SUVP.ps1,18991,a12094b9d38410a92de8dfc6650785e68d6ac651e0454ecf580b29c236de84a6,.ps1,,,,,,
psSDP/Diag/global/TS_AutoAddCommands_VSS.ps1,17887,aca7f1b60b3a879806481accea7f930d63d324c50ed254d4205552896a7819e4,.ps1,,,,,,
psSDP/Diag/global/TS_B2693877_Sophos_BEFLTCheck.ps1,16458,4200857ad16dca863da8ff03f298f5c244b1aab87a395069c3c2b11022bc5e70,.ps1,,,,,,
psSDP/Diag/global/TS_B2693877_Sophos_BEFLTCheck.psd1,29704,5d8b5ffd8f90d5347677e7acbba01fd114962c04ace4239f117a63e3c57f4bd8,.psd1,,,,,,
psSDP/Diag/global/TS_BPAInfo.ps1,21792,b3ddf169b8d84c96fca9cacf05d907eba6ca5a861fef2879bcd1941f152453e7,.ps1,,,,,,
psSDP/Diag/global/TS_BPAInfo.psd1,29084,70cdae257108c651bf86044f63d6d6c0cf2e880f5780b93c728e4af9dfc3d174,.psd1,,,,,,
psSDP/Diag/global/TS_BackupSystemStateKB2182466.ps1,17794,8462ee5aa8db5e28845f2eb03c4c3c98c10d3f099a0e14dab77e0d71bd7d2000,.ps1,,,,,,
psSDP/Diag/global/TS_BackupSystemStateKB2182466.psd1,29092,5eca413bd6cb92962f7236d97b7eebef52fb426fb3e426d18f3498c98f792208,.psd1,,,,,,
psSDP/Diag/global/TS_BasicCRMSystemInformation.ps1,23112,6860671256f2f092aee9d86b009dbce64f8e78121cb292804029d2ba88ea2854,.ps1,,,,,,
psSDP/Diag/global/TS_BasicCRMSystemInformation.psd1,28994,d603d5b367610884ec8f6d18f8e6a02b2037e3fcfbcec77cba1fda3de19fb3bd,.psd1,,,,,,
psSDP/Diag/global/TS_BasicClusterInfo.ps1,30014,940fe6b5416f6c6ccfec03969bd261a01f964ecac4fb0dcb756c26dca676e5b1,.ps1,,,,,,
psSDP/Diag/global/TS_BasicClusterInfo.psd1,29260,886c153cca792d24e060d8d68de228d1130cdf74703f66c74ed9355935229d78,.psd1,,,,,,
psSDP/Diag/global/TS_BasicNetworkInfo.ps1,18530,d6a48925c081ba6960aa85e49ebfedb78a8aa1bc4036532a84298fa73189ac6d,.ps1,,,,,,
psSDP/Diag/global/TS_BasicNetworkInfo.psd1,29802,009bc31818b3de436da90b287932397ae65dcca4ad2efc3e1a1820955f8b85bd,.psd1,,,,,,
psSDP/Diag/global/TS_BitlockerDenyWriteFixedPolicy.ps1,18370,23a2a1aadb5fc5416636440285676a81a477077b5c901026e10eed83f269b1a7,.ps1,,,,,,
psSDP/Diag/global/TS_BitlockerDenyWriteFixedPolicy.psd1,29120,772d610b560be00f80c451e81fdcc2e241584c82b4ba2eaa0e7397ee6fa27137,.psd1,,,,,,
psSDP/Diag/global/TS_CRMAppPoolRunningAsCRMUser_Exists.ps1,20961,256ad406f564ca5c9bf0478e31d1cc6e74fab5375e7a8fdfde06527ffdc51f14,.ps1,,,,,,
psSDP/Diag/global/TS_CRMAppPoolRunningAsCRMUser_Exists.psd1,29330,fa4849183187bd4da32f53761081dd9a055e7023e178c03c8d8685d0c78c761a,.psd1,,,,,,
psSDP/Diag/global/TS_CRMAssembliesDetectedInGAC.ps1,23559,352d7e1ddf1739b84ebd2550ac3c1dab5d49faecf815ce88b28995f623abb286,.ps1,,,,,,
psSDP/Diag/global/TS_CRMAssembliesDetectedInGAC.psd1,29272,670b3d8cbda3f7758c1c6197df96f780169614c34eb9176495394dea10effdc8,.psd1,,,,,,
psSDP/Diag/global/TS_CRMFileVersionCheck.ps1,17335,1c4fd5b2c2cb56d300fa610968520220b38ab8157693162bfacf7b1ceb047b6b,.ps1,,,,,,
psSDP/Diag/global/TS_CRMFileVersionCheck.psd1,29258,0e4fe795c5cd218570c4d8139c817887e448a5a7668910f32163e96afac251fe,.psd1,,,,,,
psSDP/Diag/global/TS_CRMUPGRADEREGKEYSEXIST.psd1,29220,fa900f4850fa2aa65f8ef366435870e6fd31e49c053916248d529d905fae1261,.psd1,,,,,,
psSDP/Diag/global/TS_CRM_CRMAppPoolNotInPrivUserGroup_Exists.ps1,20266,b034ab76ca4edd03319588fec7763395aa2ca74a7d0239ac4fb60096a0ded58c,.ps1,,,,,,
psSDP/Diag/global/TS_CRM_CRMAppPoolNotInPrivUserGroup_Exists.psd1,29288,1e002834c6ecea89f422495e18e6e9d4826a680299a0482ddcd6dbbac4b6cff3,.psd1,,,,,,
psSDP/Diag/global/TS_CRM_ORG_UPDATES_CHECK.psd1,29386,a7a748c8776fc36ead4c51914b5c6d25f13bf32ca0706c8b2d9c75e584034b06,.psd1,,,,,,
psSDP/Diag/global/TS_CRM_ORG_Updates_Check.ps1,17100,5c2e305e2565fb2898f4078464087e6a4ce46130a3689d7cf2be429f2985e067,.ps1,,,,,,
psSDP/Diag/global/TS_CRM_ORG_Version_Deployment_CHECK.ps1,17341,362cd26e5be3ccab06054ecd47dff3338aebbf950f09d7b12fce427c7c944157,.ps1,,,,,,
psSDP/Diag/global/TS_CRM_ORG_Version_Deployment_CHECK.psd1,29332,f647ccbb31dca5f5816bf165aed3f93ed2fc73bb86238c3a3119184d8d6f82b9,.psd1,,,,,,
psSDP/Diag/global/TS_CRM_PowerPlanSettingCheck.ps1,15700,b34ce92574843d34a8c9a8dda18ad7478c3e161695cf4cca61b12b6fb1bd6903,.ps1,,,,,,
psSDP/Diag/global/TS_CRM_PowerPlanSettingCheck.psd1,29116,1fda15b04904f36ed040f4e5d9b899cd4fd7371dc57db794bcd3650e86abd40b,.psd1,,,,,,
psSDP/Diag/global/TS_CRM_TurnOffFetchThrottling_Exists.ps1,15872,23c6d189f87d4829c54c733999ee4b44cb86411195a3a6cbdd765336ce1dab20,.ps1,,,,,,
psSDP/Diag/global/TS_CRM_TurnOffFetchThrottling_Exists.psd1,29218,eb76661980fa3f25d541c7f7dfe60e6ec44af187c1aa6db59751f5aefb816220,.psd1,,,,,,
psSDP/Diag/global/TS_CRMupgradeRegKeysExist.ps1,17468,44fd3a54e59c4f011059cdffcae5445fc0ccf1daf408f5794fbc56ec85f410b2,.ps1,,,,,,
psSDP/Diag/global/TS_CheckCCMNamespace.ps1,16869,5a22c8ff09aaa557b041a5b4d27fba29707ac5393d15a5be9bfb9905d8cd4e86,.ps1,,,,,,
psSDP/Diag/global/TS_CheckCCMNamespace.psd1,29062,d13ae9df59776b9fb3df47c0b44b7316196bcba362612cd63f9026b5e375f907,.psd1,,,,,,
psSDP/Diag/global/TS_CheckEvtID_KB2475761.ps1,19059,df6ded4fac65b47c69e3c644a537a06eafbaf75f0a08055ee34226bedd92f4cf,.ps1,,,,,,
psSDP/Diag/global/TS_CheckEvtID_KB2475761.psd1,29016,563647e20e0e7174caebd62a12dc3ce8ffb28a9aa4c5dd8c6b1689e4e9cca202,.psd1,,,,,,
psSDP/Diag/global/TS_CheckSQLConfig.ps1,39076,786947a6766e83b1a80c2db30cdb898b399cdef5cbde3869ed8b544b204ae1c2,.ps1,,,,,,
psSDP/Diag/global/TS_CheckSQLConfig.psd1,29146,8d4f273c6f2ea23f7122dd7789f33d50173775e10536ca38e80ade1cb429645b,.psd1,,,,,,
psSDP/Diag/global/TS_CheckServiceStatus.ps1,20863,4e94838f5db1b02043bb6854623cfa9a8e0086f2bc49fb7ea53328fe74492aea,.ps1,,,,,,
psSDP/Diag/global/TS_CheckServiceStatus.psd1,29034,cb4997055e16dfe44a0cb8251adfd581698dd27bfbaafc48239130c3643eeb94,.psd1,,,,,,
psSDP/Diag/global/TS_Check_ZenographicsUI.ps1,17283,2ef8d39c3fb6bb6390e8a430dc7990aa7715a379e327f5ea786bafc96110c7a3,.ps1,,,,,,
psSDP/Diag/global/TS_Check_ZenographicsUI.psd1,29658,8d07f3a4430493af72f2d7942543bd978b1bc1e788bd35cb15a27c23f9f8d9a8,.psd1,,,,,,
psSDP/Diag/global/TS_CitrixAppSenseCheck.ps1,17390,611c4b1697d2c19f3cf0c9a8ed54e4869757223668aae97447016ca09f64d991,.ps1,,,,,,
psSDP/Diag/global/TS_CitrixAppSenseCheck.psd1,29458,9b813a4faa4ff4cf84eea4c83be7f80446e1f4bac5f5bff6b7e001eb58ed6a61,.psd1,,,,,,
psSDP/Diag/global/TS_Cluster2K3NoLmHash.ps1,17639,61f852b9ee6ed68b72a2e9dba371be43d4bb585426f894982893375a72846f26,.ps1,,,,,,
psSDP/Diag/global/TS_Cluster2K3NoLmHash.psd1,28996,23b6e0168a74e72a6184daf70cc176518adc98ff33f130a52bc11488d2cab481,.psd1,,,,,,
psSDP/Diag/global/TS_ClusterCAUWMINamespaceCheck.ps1,17872,c850c4be66151a5eb9d0c0ade9c785b47d45f4bd414f8af57426e1ac6b14d896,.ps1,,,,,,
psSDP/Diag/global/TS_ClusterCAUWMINamespaceCheck.psd1,28812,3abacc49272b6a4999e532778357b8806eb8d79ca582fd823587c68fc6c68413,.psd1,,,,,,
psSDP/Diag/global/TS_ClusterCNOCheck.ps1,18010,7c9dac82bf28627f79e46695e712d3ea5430c7b00a7581d10a212b293c8ce424,.ps1,,,,,,
psSDP/Diag/global/TS_ClusterCNOCheck.psd1,29110,2773be01572975c7af9b86507fe8c7c2cce9a9674b79a80b68b6d75e99996051,.psd1,,,,,,
psSDP/Diag/global/TS_ClusterIPv6FirewallCheck.ps1,18611,3dc532ea2cf77486dc97a63197db82db1a5f36adf26ac0dcedbad2ccd6eae742,.ps1,,,,,,
psSDP/Diag/global/TS_ClusterIPv6FirewallCheck.psd1,29018,72aa21660cf8dd1401f911eba8e0444cb509195a26b8a741be47a45c1ff66aff,.psd1,,,,,,
psSDP/Diag/global/TS_ClusterMSClusterWMINamespaceCheck.ps1,16877,45fc2100106385e42f86784d0507fa146efe7e5c9c3e2796cbf0410a76900b11,.ps1,,,,,,
psSDP/Diag/global/TS_ClusterMSClusterWMINamespaceCheck.psd1,28812,3abacc49272b6a4999e532778357b8806eb8d79ca582fd823587c68fc6c68413,.psd1,,,,,,
psSDP/Diag/global/TS_ClusterValidationTests.ps1,24513,b40648577c88f8afd50a033d3701f36832dda08dfc8d99a7420e162792a77fb1,.ps1,,,,,,
psSDP/Diag/global/TS_ClusterValidationTests.psd1,29928,a76eae75ab518c622bec5a72b4713ba24bf607198af584ef6f497e99f6022980,.psd1,,,,,,
psSDP/Diag/global/TS_ClusterXsigoDriverNetworkCheck.ps1,17762,0735fcb1992f6a332ce6fddbc04ff8e3033db7bc19079564ecb78677fd530ce2,.ps1,,,,,,
psSDP/Diag/global/TS_ClusterXsigoDriverNetworkCheck.psd1,29228,e58b3f822bd3813e65aeac09a9845dd27f60cb244ff0dfdfeb63569ac89f4906,.psd1,,,,,,
psSDP/Diag/global/TS_Cluster_OrphanResource.ps1,26845,f716c9b314885ed4ea8ceb37d08216c8a240eddbcdc56eaf06f5dea1c1b45589,.ps1,,,,,,
psSDP/Diag/global/TS_Cluster_OrphanResource.psd1,28812,3abacc49272b6a4999e532778357b8806eb8d79ca582fd823587c68fc6c68413,.psd1,,,,,,
psSDP/Diag/global/TS_CrashOnAuditFailCheck.ps1,19274,c31d8380d75c446ec4249dc2e7c436f17550ef33ff847b2d6b3e744741373922,.ps1,,,,,,
psSDP/Diag/global/TS_CrashOnAuditFailCheck.psd1,29190,e2eeebf714b3355ec5c9b7e9769159d592a4f0913454202a2538400875e3ea73,.psd1,,,,,,
psSDP/Diag/global/TS_DCCheckDnsExclusiveToSelf.ps1,18974,80bb8fffdf647fefc07cdab3f6f2a396cb4831122f1d5226696f6dc7c630cd0d,.ps1,,,,,,
psSDP/Diag/global/TS_DCCheckDnsExclusiveToSelf.psd1,29608,768859604a45c20f71ab8c96e4951463d9a0179475aa98b73fcb00a54caf7dac,.psd1,,,,,,
psSDP/Diag/global/TS_DCDiag.ps1,16694,4bada7f26fcb5a83278145dad603cc0f2be2beb5c9dbf1bfa5830539f6d1ebfd,.ps1,,,,,,
psSDP/Diag/global/TS_DCDiag.psd1,29470,79487b8d57640fa31f258bac174ec6fa765b4c069f417ee51e41f45b0234a4e8,.psd1,,,,,,
psSDP/Diag/global/TS_DCOMEnabled.ps1,15125,9f7ef3f26b1a1ff5c7cb1382952a62e93b8829193b788ad9e33ab309825a1427,.ps1,,,,,,
psSDP/Diag/global/TS_DCOMEnabled.psd1,29010,ef817330f583773682bde6edd6130619182cb8dd939e9c251b931db4a33e3863,.psd1,,,,,,
psSDP/Diag/global/TS_DEPDisabled4GBCheck.ps1,17252,55c152876716676988536ac838fc493d913d1114e1a981c338f84c4bae7b08bb,.ps1,,,,,,
psSDP/Diag/global/TS_DEPDisabled4GBCheck.psd1,29064,babc1f737c2b9b641b55841366476627252e1dc676c09281c7a7e68f3d177050,.psd1,,,,,,
psSDP/Diag/global/TS_DFSRRootCausesCheck.ps1,17209,f9e9fb77eb4bdc429f5a91c1bf70fb2f4be788fc5912961626e0dcf850f557e6,.ps1,,,,,,
psSDP/Diag/global/TS_DFSRRootCausesCheck.psd1,29880,de4f32171c0efbacb973ea3fd7ebaeef62adcf862537df8b4dbf32b113918de5,.psd1,,,,,,
psSDP/Diag/global/TS_DebugFlagsCheck.ps1,24057,1c4faa1c70ca56125b316454799cc1e7d50a12cb17ed63e5af6a9ed6a76ed17a,.ps1,,,,,,
psSDP/Diag/global/TS_DebugFlagsCheck.psd1,29248,d459273e9949ce8c9849aafe5d54cc291a2f2d08e29508852295535c0c76a43c,.psd1,,,,,,
psSDP/Diag/global/TS_DellPowerEdgeBiosCheck.ps1,17846,e8dbbc81c682cfb7fb044655aa5053e0158d1054ee0036e4c4317b8ce98addc9,.ps1,,,,,,
psSDP/Diag/global/TS_DellPowerEdgeBiosCheck.psd1,28994,50274521c15a3ce4d10842f29b5fd41f9ff6598c6c1b42a2a312edd69ba9653a,.psd1,,,,,,
psSDP/Diag/global/TS_DetectLowPathMTU.ps1,25874,029ce3a1831590d9b9db4b62082171eb01d2d7493dd956740750ea96b2470549,.ps1,,,,,,
psSDP/Diag/global/TS_DetectLowPathMTU.psd1,29080,16272f54547fb45246c9af41b4c3b1677c774f482548e0f12b292b3f1d000ec4,.psd1,,,,,,
psSDP/Diag/global/TS_DetectMTU1514.ps1,19632,8f92efba54373a576284f5f4a69dc836ff9bb4e35ca3253b70e822d6ea9e8066,.ps1,,,,,,
psSDP/Diag/global/TS_DetectMTU1514.psd1,29046,4b7d8ff0186da49f6da0fbe9eaa98ab954041a945a5c3b7b2a7d704246993f3f,.psd1,,,,,,
psSDP/Diag/global/TS_DetectRootSize.ps1,19884,ae4baa298e10bf84aef61bd17be4ab2fe8f7ea9910887cabc266dd226f0628fe,.ps1,,,,,,
psSDP/Diag/global/TS_DetectRootSize.psd1,29132,8d1c8e2ea1c3c8315564a1bf6362b6f6998490d902226076e88c6a5696768ea1,.psd1,,,,,,
psSDP/Diag/global/TS_DetectSHA512-TLS.ps1,23135,8268a4adc430191e00a700005dab7e279aed68aa870acfda332a705b336942bc,.ps1,,,,,,
psSDP/Diag/global/TS_DetectSHA512-TLS.psd1,29092,f51bd8385235b0bb5e89ddc1e37cd601c707c8008d0bcfa42b62ee927855573d,.psd1,,,,,,
psSDP/Diag/global/TS_DetectSplitIO.ps1,21792,e27b16189fe8972bdc0cfa937164d236fc18a2a2b671d91096c9527e2221052c,.ps1,,,,,,
psSDP/Diag/global/TS_DetectSplitIO.psd1,29150,421cfe76737f7f774d127ec8b336972ac6c9db8da8a5f0c679bc32be7b94aa1f,.psd1,,,,,,
psSDP/Diag/global/TS_DetectWeakKeys.ps1,26438,56a5b1294feee18130cb71f307d78fba7799ba7bedade40ec8d5fefaf9612bee,.ps1,,,,,,
psSDP/Diag/global/TS_DetectWeakKeys.psd1,29240,e00f8bfea74ac8234ba7797c27ac2b0deda2d7d7c1189dc1fe9cb32fac6e4de5,.psd1,,,,,,
psSDP/Diag/global/TS_DfsrUpdateWorkerThreadCountCheck.ps1,17427,c0ed76c65466928114879dbb00b09d612750086717e10670c15c346fcdd15239,.ps1,,,,,,
psSDP/Diag/global/TS_DfsrUpdateWorkerThreadCountCheck.psd1,29110,978d99153946b70de61af7941b9befe35a7d0339c35a855ea0e5563453b7d8ea,.psd1,,,,,,
psSDP/Diag/global/TS_DisablePagingExecutiveCheck.ps1,16128,76376bda7861047d884312af3be8a9e01aa950574909854c5698aba51df42af1,.ps1,,,,,,
psSDP/Diag/global/TS_DisablePagingExecutiveCheck.psd1,28812,3abacc49272b6a4999e532778357b8806eb8d79ca582fd823587c68fc6c68413,.psd1,,,,,,
psSDP/Diag/global/TS_DriveSectorSizeInfo.ps1,32736,b16b62c434e38ec450863ed02906328875c16160d3056538f023303bf984fd27,.ps1,,,,,,
psSDP/Diag/global/TS_DriveSectorSizeInfo.psd1,29028,bea427de33eb995bb29218f1da9a10b4ba9b2ad34250cd15f36d8c1d284b7704,.psd1,,,,,,
psSDP/Diag/global/TS_DumpCollector.ps1,18098,f922a57be28a05277cf6833888345d8f91f27bcf2d4554d0f919198be4b6ef40,.ps1,,,,,,
psSDP/Diag/global/TS_DumpCollector.psd1,29314,1210646a86699549fe95b8e33b52ca6528d9aaa8153c680710b2d386606c3bac,.psd1,,,,,,
psSDP/Diag/global/TS_ETLTraceCollector.ps1,26584,d20f4926689f8c7f8807ecabf1c3f5194af0cca385af1a841caab41a350b8b70,.ps1,,,,,,
psSDP/Diag/global/TS_ETLTraceCollector.psd1,30488,656b7854b9f6659a2733c4bb9503e7552d3732b00db6abbab2e1e2356ff5d99e,.psd1,,,,,,
psSDP/Diag/global/TS_EvalMediaDetection.ps1,15869,7d8ec70ff5be41599e6de3a5fe806688af89bd8a879e78645b47c0a3811966da,.ps1,,,,,,
psSDP/Diag/global/TS_EvalMediaDetection.psd1,28932,49d187046498d9eaeed46ddf7b5005e55130ff98183a459b5af348b725288adc,.psd1,,,,,,
psSDP/Diag/global/TS_EventLogServiceRegistryCheck.ps1,16260,8d91c5967cebb900fd6df9a21fc0c3ec796d4880fccbd720919673bc29ca8347,.ps1,,,,,,
psSDP/Diag/global/TS_EventLogServiceRegistryCheck.psd1,28812,3abacc49272b6a4999e532778357b8806eb8d79ca582fd823587c68fc6c68413,.psd1,,,,,,
psSDP/Diag/global/TS_EventLogStoppedGPPCheck.ps1,17645,475dcdcc679e40962f3cde684c2d93122fbb11969f8474a7bcb6275f334c4d9f,.ps1,,,,,,
psSDP/Diag/global/TS_EventLogStoppedGPPCheck.psd1,28812,3abacc49272b6a4999e532778357b8806eb8d79ca582fd823587c68fc6c68413,.psd1,,,,,,
psSDP/Diag/global/TS_ExchangeReplicationWriterRegkeyCheck.ps1,22607,7d2d6efe9a9b0da7fb1601a832bbd079ede88fdf5dc08cb561d16ee624d6c5b3,.ps1,,,,,,
psSDP/Diag/global/TS_ExchangeReplicationWriterRegkeyCheck.psd1,28812,3abacc49272b6a4999e532778357b8806eb8d79ca582fd823587c68fc6c68413,.psd1,,,,,,
psSDP/Diag/global/TS_FilesNotToBackup2K3Check.ps1,17559,6f67f232ab4877bfe63cb7bed2f0dd2c3291185fa76c117966e09df1b5e14b97,.ps1,,,,,,
psSDP/Diag/global/TS_FilesNotToBackup2K3Check.psd1,29162,5e6ccc5db914a24bdc91cc1861c6a32043095cfd8c5d2172f23f2c02a470e549,.psd1,,,,,,
psSDP/Diag/global/TS_GPPDeployPrinterCheck.ps1,17580,d899edad55d9376e2c618d1f96050ac509e80b917b851620f1a4d822203ec108,.ps1,,,,,,
psSDP/Diag/global/TS_GPPDeployPrinterCheck.psd1,28812,3abacc49272b6a4999e532778357b8806eb8d79ca582fd823587c68fc6c68413,.psd1,,,,,,
psSDP/Diag/global/TS_GPPMapPrinterKB2797136.ps1,18535,61bda1da78e3c833e29b4b9aa72756ed769fc68c920e9bef5070a0742ad5ef6a,.ps1,,,,,,
psSDP/Diag/global/TS_GPPMapPrinterKB2797136.psd1,28812,3abacc49272b6a4999e532778357b8806eb8d79ca582fd823587c68fc6c68413,.psd1,,,,,,
psSDP/Diag/global/TS_GetEvents.ps1,24480,f91f83d2fe88afa862e6c0920b553d08ff80a32a0e48bfbfab71a1a1129bc660,.ps1,,,,,,
psSDP/Diag/global/TS_GetEvents.psd1,29090,0ec768fe03fab44c43ef280caae3758b08e8a786e69bb956d359904e3278bd06,.psd1,,,,,,
psSDP/Diag/global/TS_HIGHTEMPFILECHECK.psd1,29172,53145bfc8bafb22321b9bd3a9eb69c5310b850e8628d5a60fe43eb419449f4ee,.psd1,,,,,,
psSDP/Diag/global/TS_HPPrinterDriverVersionCheck.ps1,20231,2f76aff7e65b2c2a7ad03f4d386b9e1b322269f1bf539a4c2d4c12fea1f6dc70,.ps1,,,,,,
psSDP/Diag/global/TS_HPPrinterDriverVersionCheck.psd1,28812,3abacc49272b6a4999e532778357b8806eb8d79ca582fd823587c68fc6c68413,.psd1,,,,,,
psSDP/Diag/global/TS_HPWMICheck.ps1,16748,b2702c338b27eaa88771134bb57aec627d74cd43a3bfa185fc5624bcbf144db5,.ps1,,,,,,
psSDP/Diag/global/TS_HPWMICheck.psd1,28812,3abacc49272b6a4999e532778357b8806eb8d79ca582fd823587c68fc6c68413,.psd1,,,,,,
psSDP/Diag/global/TS_HPZ12ServiceCheck.ps1,17109,38e8386dd4c21435aa82e51ed42b2fc7d4fab3cef41887e02c88475288bfbad8,.ps1,,,,,,
psSDP/Diag/global/TS_HPZ12ServiceCheck.psd1,29114,4750a827ee0cbc8261d3eaf5dba033a11c544fb0cdefe2e4be03c5af43817368,.psd1,,,,,,
psSDP/Diag/global/TS_HeapDecommitFreeBlockThresholdCheck.ps1,17790,2b200264e1f3f24e39cc63113b004c642ff510364e3cf6d6f45df1ee90af529a,.ps1,,,,,,
psSDP/Diag/global/TS_HeapDecommitFreeBlockThresholdCheck.psd1,28812,3abacc49272b6a4999e532778357b8806eb8d79ca582fd823587c68fc6c68413,.psd1,,,,,,
psSDP/Diag/global/TS_HighTempFileCheck.ps1,16505,6be5dc3b59f2f5a39f46070a68c8fdbc753c0bd8101568d9c2fb4f66a9f697e6,.ps1,,,,,,
psSDP/Diag/global/TS_HpCISSs2DriverIssueCheck.ps1,16700,1247c4de9f8f0b2ed2e2b3a6f36888547625521508ea30069853575151c3f6f5,.ps1,,,,,,
psSDP/Diag/global/TS_HpCISSs2DriverIssueCheck.psd1,28812,3abacc49272b6a4999e532778357b8806eb8d79ca582fd823587c68fc6c68413,.psd1,,,,,,
psSDP/Diag/global/TS_HyperV2012-CS-BIOS-Check.ps1,17711,5d4f6b231c42457b632d17d51d8ed9e83f456a2d5252b4ab93ad563dc0d53129,.ps1,,,,,,
psSDP/Diag/global/TS_HyperV2012-CS-BIOS-Check.psd1,28812,3abacc49272b6a4999e532778357b8806eb8d79ca582fd823587c68fc6c68413,.psd1,,,,,,
psSDP/Diag/global/TS_HyperVCheckVerificationKB2761004.ps1,16734,5a91e090302d751a9c489349757ee839ee89d5fa148c332d67e9ee3e69e53acc,.ps1,,,,,,
psSDP/Diag/global/TS_HyperVCheckVerificationKB2761004.psd1,28812,3abacc49272b6a4999e532778357b8806eb8d79ca582fd823587c68fc6c68413,.psd1,,,,,,
psSDP/Diag/global/TS_HyperVEvent106Check.ps1,18197,e0885a096716368f2d571c0f7210f358b0ad7332b87a14428016ecce9f0e7080,.ps1,,,,,,
psSDP/Diag/global/TS_HyperVEvent106Check.psd1,29050,70eefd6d2d226ad448d049fab08a21f9d321586aa81dd2b0e45685650ca9baa0,.psd1,,,,,,
psSDP/Diag/global/TS_HyperVEvent14050Check.ps1,17292,19a6e4fe4b4405066d09ff1f5b2357bec491a787016b04be9e3e005c6da0a2d7,.ps1,,,,,,
psSDP/Diag/global/TS_HyperVEvent14050Check.psd1,28812,3abacc49272b6a4999e532778357b8806eb8d79ca582fd823587c68fc6c68413,.psd1,,,,,,
psSDP/Diag/global/TS_HyperVInfo.ps1,123994,25b91d45d96c60a3e54acdfece7cd025a0519af6f96742106d7d6da91cf48597,.ps1,,,,,,
psSDP/Diag/global/TS_HyperVInfo.psd1,29962,f73ad3ceaebdf58c4bb1a1a8e5522fc13c2f4c2b851c9289a8e29412ea7e3f78,.psd1,,,,,,
psSDP/Diag/global/TS_HyperVKB2263829Check.ps1,19350,d9b78f2b14e18553119405b0960eba38856e816271207c15f8c6fa33008c70e5,.ps1,,,,,,
psSDP/Diag/global/TS_HyperVKB2263829Check.psd1,29058,dffb099df651fac26ef509d2c49f1b7587cebb2200293a61bd80ab3139265ee6,.psd1,,,,,,
psSDP/Diag/global/TS_HyperVSCSIDiskEnum.ps1,16092,596fe36660d3471493dfc0beef21b76d0b8f76d8494bab73b7c9ed13267dd35b,.ps1,,,,,,
psSDP/Diag/global/TS_HyperVSCSIDiskEnum.psd1,29042,6ca2d95b62538d1fbd462ecc89d299e58775338b36b7ab466d00b12b892e7da3,.psd1,,,,,,
psSDP/Diag/global/TS_HyperVXeon5500Check.ps1,17521,cf443b3bbd802cf68fddc6a6ba47fb79d0ab216a6ada244d04795c4beb003c7b,.ps1,,,,,,
psSDP/Diag/global/TS_HyperVXeon5500Check.psd1,28812,3abacc49272b6a4999e532778357b8806eb8d79ca582fd823587c68fc6c68413,.psd1,,,,,,
psSDP/Diag/global/TS_IIS6KerberosAuth_Exists.ps1,16450,02b7d9b663fb0f900ccf204f74c9f59ddf6a0e91d13dcd1ae62652504fe5c027,.ps1,,,,,,
psSDP/Diag/global/TS_IIS6KerberosAuth_Exists.psd1,29436,4a04fad3524f9947db046d9085ecaffbfcef0784efdc0e279f8959f7a7e314c3,.psd1,,,,,,
psSDP/Diag/global/TS_IIS7HTTPCompression_Enabled.ps1,16668,7abf491419cbb2b903879c468ff188d0086f42319497ec6cdc95e415eb888881,.ps1,,,,,,
psSDP/Diag/global/TS_IIS7HTTPCompression_Enabled.psd1,29718,2c3cf61bdf7e0aa8d5e899d8270ac976b51257cafd88ea4d3ff5b62966b4cb6c,.psd1,,,,,,
psSDP/Diag/global/TS_IIS7KerberosAuth_Exists.ps1,16773,3fe86da510193bd6e1cfac4358e537c11b243f7de8a34d418e01f6720cfb70ab,.ps1,,,,,,
psSDP/Diag/global/TS_IIS7KerberosAuth_Exists.psd1,29436,97ffb3e0bf5567664448ef5bd85c446f141f202057bdeafcb0c0493cc07961a7,.psd1,,,,,,
psSDP/Diag/global/TS_IIS7KernelModeAppPoolCredentials_Enabled.ps1,17473,a0665b4a84a6d18a990f780accca2f2282cec3bcc22f7d93d7684954511a9a31,.ps1,,,,,,
psSDP/Diag/global/TS_IIS7KernelModeAppPoolCredentials_Enabled.psd1,29516,45dd4073db6a4e24b1c10faf0589c3e3a8c923926f1b12a044f161038f848785,.psd1,,,,,,
psSDP/Diag/global/TS_IPv6Check.ps1,20205,45da4e897f0a940193e14059e603a85a22796e28e1fabb307b1a17e87558de56,.ps1,,,,,,
psSDP/Diag/global/TS_IPv6Check.psd1,29072,571b4e8e733cd837c1b79792b5fc08e9a6bfcb4a7ac2fbc1618ee03fd842b376,.psd1,,,,,,
psSDP/Diag/global/TS_IPv6DisabledonDCCheck.ps1,17257,9571b85e60d31e166e46589f411f0e7fdb24274463c1b8011628d8d4c6d82995,.ps1,,,,,,
psSDP/Diag/global/TS_IPv6DisabledonDCCheck.psd1,29082,5acd881e009f500d4f7be254486e34c443b34f5b7833922abb710c6720e0f8a5,.psd1,,,,,,
psSDP/Diag/global/TS_InfoCacheLevelCheck.ps1,16598,58603dcafb18d3662910edec21231b11422bb2d14d497998a8645bef4f199977,.ps1,,,,,,
psSDP/Diag/global/TS_InfoCacheLevelCheck.psd1,29034,83081a1a06acddcdae0d28901558b94e3320a335b6e86595fb3e6d1027e435ce,.psd1,,,,,,
psSDP/Diag/global/TS_IntersiteMessagingStateCheck.ps1,18055,df3ef68dd6d7acb3c8d6dd3a6e7a9735b6597afb0b5e4b5cbf552bb544f016d5,.ps1,,,,,,
psSDP/Diag/global/TS_IntersiteMessagingStateCheck.psd1,29124,dc8a68c19d2ebaa3ccdc2859831d1b42312d933c53dcc75789d3108ac63efc6d,.psd1,,,,,,
psSDP/Diag/global/TS_KB2480954AndWinRMStateCheck.ps1,17166,90653ce0871ff0015542de851b804ad473a2d8d4a7fc3296a49b5821fd9dc910,.ps1,,,,,,
psSDP/Diag/global/TS_KB2480954AndWinRMStateCheck.psd1,28812,3abacc49272b6a4999e532778357b8806eb8d79ca582fd823587c68fc6c68413,.psd1,,,,,,
psSDP/Diag/global/TS_KB2655998_InactiveTSPorts.ps1,18036,ee29f297de2e72aa913d8d1625df2a6c3f69aff3ee4b3308f2915ac8f8195f51,.ps1,,,,,,
psSDP/Diag/global/TS_KB2655998_InactiveTSPorts.psd1,29350,e61723498472870a1a0ea1eeab19f693b57500d5ee3bd974d9ce9aef44a93e68,.psd1,,,,,,
psSDP/Diag/global/TS_KernelAuthRPCCheck.ps1,20349,e3e8719191da08671f1b3c1bc297ed5c454468713bb8f0e871ee197c338e475c,.ps1,,,,,,
psSDP/Diag/global/TS_KernelAuthRPCCheck.psd1,29240,21053e4631ab88416156cb886fddd277c9e79046eca066a359568415a4d798a2,.psd1,,,,,,
psSDP/Diag/global/TS_KnownKernelTags.ps1,37588,0b06295729afe4911e45347092605a016c8d7b850a5584a87ed037f1d8c433cd,.ps1,,,,,,
psSDP/Diag/global/TS_KnownKernelTags.psd1,30516,91411b2593c8f3b6f4514ba67918fe5dfe7bdb2f419239b2e9e8600456ad752c,.psd1,,,,,,
psSDP/Diag/global/TS_LSASSHighCPU.ps1,17328,8a0bd2b9e09b8bd109b5f171066d39e6188b6c7fa1a7a660297786d630f989bb,.ps1,,,,,,
psSDP/Diag/global/TS_LSASSHighCPU.psd1,29056,378c77f2a76bb96e2b6d58b330160bd6d7954e1752d7c7f0cb4ebbee15a265a0,.psd1,,,,,,
psSDP/Diag/global/TS_LockingKB296264Check.ps1,17361,214df9657ca8e276d9b674baaca5bd77942bef87e84b6e0f119d883c040d0cad,.ps1,,,,,,
psSDP/Diag/global/TS_LockingKB296264Check.psd1,29074,0d579c75adea8a952b16dd9348d732c90fe943a84eff33c87816a80eced4a009,.psd1,,,,,,
psSDP/Diag/global/TS_MCALite.ps1,20946,ba2432b91b46a3550de4aac685e0305656fbef1d3c19bfba4b8b5609b458ff18,.ps1,,,,,,
psSDP/Diag/global/TS_MCALite.psd1,29238,0bf8c7c5b3e9b8b10f5464b02691a4cdc8a32b62325e42e38e690ea44625e095,.psd1,,,,,,
psSDP/Diag/global/TS_MSIPackageInstallationCheck.ps1,16612,fcf6f372f1544c640066bd35044e32f01a79223dcf08ccae4f5e61dd5698697c,.ps1,,,,,,
psSDP/Diag/global/TS_MSIPackageInstallationCheck.psd1,28812,3abacc49272b6a4999e532778357b8806eb8d79ca582fd823587c68fc6c68413,.psd1,,,,,,
psSDP/Diag/global/TS_MachineImageVliteCheck.ps1,15943,e25c2b39d324158ccef84dd610c6bf0b3bafd1d015aaedb682d98919c7db4fbb,.ps1,,,,,,
psSDP/Diag/global/TS_MachineImageVliteCheck.psd1,28812,3abacc49272b6a4999e532778357b8806eb8d79ca582fd823587c68fc6c68413,.psd1,,,,,,
psSDP/Diag/global/TS_Main.ps1,15058,4cc7a8687376a930a4d782a9b64073e0189d99b7c4dcb31bceb445b6c07dd359,.ps1,,,,,,
psSDP/Diag/global/TS_Main_ALL.ps1,15572,48779998544bc25d0f30a09298c8a4f95a8f748e0d87a12619e263a28dc36114,.ps1,,,,,,
psSDP/Diag/global/TS_Main_APPS.ps1,15137,f14557922ed2e2ed66fa49423651bf2a5ec35627f506ce5529e9d1dad95a4425,.ps1,,,,,,
psSDP/Diag/global/TS_Main_CRMbase.ps1,16621,0ca98e249e42935d3e85422108f3f1c0653ded1eec51cf2586643d2ee537eaf1,.ps1,,,,,,
psSDP/Diag/global/TS_Main_CRMbase.psd1,29132,5c83dbbc3f8a6e60342852c64457470c43cf10adf6cd526941cdfbaf8f6babc6,.psd1,,,,,,
psSDP/Diag/global/TS_Main_CTS.ps1,15530,a6c5e0555d30070e81a5f86c4d1565064c40f6fc5174f57b0b44357cc7d9e715,.ps1,,,,,,
psSDP/Diag/global/TS_Main_Cluster.ps1,18926,717cc10f6094785134529e8a1b953553ce01b94fa55fd86e17d7a2c02156b071,.ps1,,,,,,
psSDP/Diag/global/TS_Main_DA.ps1,15374,13c443fa3bdb533633c98091e990e45caadbf9b8766db2b86c9a59943ead5030,.ps1,,,,,,
psSDP/Diag/global/TS_Main_DOM.ps1,16234,9246067debd744358b22775ccf7de006c8b56559d9b75ae5769cf6e9a04b4cc5,.ps1,,,,,,
psSDP/Diag/global/TS_Main_DPM.ps1,23309,8d0a289214625fbd1553efb6c44f4929b23c0662880dc5b2077cfce11c1edebc,.ps1,,,,,,
psSDP/Diag/global/TS_Main_HyperV.ps1,18818,f70dc666bc87589e31bce6b747f6cd35fc1a54714ff3124af6836799cd74e40e,.ps1,,,,,,
psSDP/Diag/global/TS_Main_NET.ps1,17702,9429f993e8e2609d46c086ea69ebc8bae5e10824eb935db0b0949e2f18d0e7f9,.ps1,,,,,,
psSDP/Diag/global/TS_Main_PRINT.ps1,15074,b101033c11350c0fb4fe881ce3a30a6b8f88c512407ab1f5b1c2dcffb7ede6ee,.ps1,,,,,,
psSDP/Diag/global/TS_Main_Perf.ps1,15479,308b0baa69e668db1d832abc35ba4f26206625cb50626161375248b17e403a86,.ps1,,,,,,
psSDP/Diag/global/TS_Main_RDS.ps1,15080,72d3d63f990f4006624115959499ab68f6d58e1c63a1fea86e92683c430e5a94,.ps1,,,,,,
psSDP/Diag/global/TS_Main_REMOTE.ps1,15661,cdc57e27ac16539e1d45bc97d33956a2084474a1c134489ea15f71febbcb4a49,.ps1,,,,,,
psSDP/Diag/global/TS_Main_Repro.ps1,16108,ada2325b0844e8b1fe595d2ed60bc733b81540569610c99ffe00567c7d3e3fee,.ps1,,,,,,
psSDP/Diag/global/TS_Main_S2D.ps1,18936,d12b1b18fadc675c47f854a18f8d8ac50e899fbe643e501341c31efd69d9da30,.ps1,,,,,,
psSDP/Diag/global/TS_Main_SCCM.ps1,16591,4367d8438e36a0040d800628dfb73839714211bf4a80dc0c2e9c03f2e5b9a385,.ps1,,,,,,
psSDP/Diag/global/TS_Main_SETUP.ps1,16151,c571a36d757cf3136e560f7667d97aa8700cd17b3b0e5cfb917442a204015fe1,.ps1,,,,,,
psSDP/Diag/global/TS_Main_SQLbase.ps1,15076,dd22edb0a03f01b3a173fff2bd33d28270fd93c3333d0e172b1c5143ab444eb1,.ps1,,,,,,
psSDP/Diag/global/TS_Main_SQLconn.ps1,17792,a4d8c4320338e07332b12b97da7b1e544ef044e8a98fad098b0da6199a82ec34,.ps1,,,,,,
psSDP/Diag/global/TS_Main_SQLmsdtc.ps1,15139,b121d9dfccf17fdce66d8b2718229ff49bbb0828f5b6c0f9397a10fbb166cb30,.ps1,,,,,,
psSDP/Diag/global/TS_Main_SQLsetup.ps1,14999,16fa7a4d0510a445dfb442fb044d04ec643a20b36d1400bdbb1e62ff2ddea2c2,.ps1,,,,,,
psSDP/Diag/global/TS_Main_SUVP.ps1,15109,09ecc77793b18719d99560d835aefe473991dea0e8ed2c02b5893b9f7f43576b,.ps1,,,,,,
psSDP/Diag/global/TS_Main_VSS.ps1,15465,593b61c391312532843742a490c11acc8b54258f85f66ed3faff67eb293a3a1a,.ps1,,,,,,
psSDP/Diag/global/TS_MaxTokenSizeChecks.ps1,41006,8d06ca192e83654a8dc819aa7e47f7908ec538008a0b0a2845047d91e8ee3e5b,.ps1,,,,,,
psSDP/Diag/global/TS_MaxTokenSizeChecks.psd1,29228,5bf6b8f9cbc24b95f99e861c97c415c2169bbc289e4b97442a226e1fcec2bc16,.psd1,,,,,,
psSDP/Diag/global/TS_McAfeeHIPS70Check.ps1,17936,15afd5c4f6e88f1747e6dbd1d88f072bbacf8429bce174902c12dd2cdbfd2c04,.ps1,,,,,,
psSDP/Diag/global/TS_McAfeeHIPS70Check.psd1,28812,3abacc49272b6a4999e532778357b8806eb8d79ca582fd823587c68fc6c68413,.psd1,,,,,,
psSDP/Diag/global/TS_MemoryManagerSystemPagesCheck.ps1,16697,2a3e776840e6994c91e5401db937deef0d5e4ebba488ea86db0288f92a186a2f,.ps1,,,,,,
psSDP/Diag/global/TS_MemoryManagerSystemPagesCheck.psd1,29054,69a05225d32f3085cbc5f30659c9b053c8c3849acf12f29282e8565c0ad161cc,.psd1,,,,,,
psSDP/Diag/global/TS_MissingWebConfigAuthTypes.ps1,18766,150e7936e8c6fa6892579f39c2f8f4957bf5f97223c38798e584b0b21ade9a47,.ps1,,,,,,
psSDP/Diag/global/TS_MissingWebConfigAuthTypes.psd1,29252,e6b11cd19291cf8e18945b94664cbce26769cad898a715f96acd6e25c7d3858a,.psd1,,,,,,
psSDP/Diag/global/TS_ModernAppsFailureForAuditOptionCheck.ps1,16796,719f3ad070c7ad647d0cef88efe9c68e50842479fc412811a098e56affa4e9fb,.ps1,,,,,,
psSDP/Diag/global/TS_ModernAppsFailureForAuditOptionCheck.psd1,28812,3abacc49272b6a4999e532778357b8806eb8d79ca582fd823587c68fc6c68413,.psd1,,,,,,
psSDP/Diag/global/TS_ModernAppsFailureForFolderPermissionCheck.ps1,19910,08ca8bd697cedaf087872ab84eee666d52d7bcf26d58ff9f8787191b0a58f561,.ps1,,,,,,
psSDP/Diag/global/TS_ModernAppsFailureForFolderPermissionCheck.psd1,28812,3abacc49272b6a4999e532778357b8806eb8d79ca582fd823587c68fc6c68413,.psd1,,,,,,
psSDP/Diag/global/TS_ModernAppsFailureForProgramDataDirCheck.ps1,16072,5da5d8be9b4251522a54b9b520579b9b39d9b1c691e826209b36f0e64b4ad0ab,.ps1,,,,,,
psSDP/Diag/global/TS_ModernAppsFailureForProgramDataDirCheck.psd1,28812,3abacc49272b6a4999e532778357b8806eb8d79ca582fd823587c68fc6c68413,.psd1,,,,,,
psSDP/Diag/global/TS_ModernAppsFailureForRegistryPermissionCheck.ps1,18470,6fa647ddfa645b13ede66ed3f9c1985e8226e876c7f9a88f22f4a3aca0617152,.ps1,,,,,,
psSDP/Diag/global/TS_ModernAppsFailureForRegistryPermissionCheck.psd1,28812,3abacc49272b6a4999e532778357b8806eb8d79ca582fd823587c68fc6c68413,.psd1,,,,,,
psSDP/Diag/global/TS_ModernAppsFailureForTrustedPathCredentialsCheck.ps1,16398,6c39505a872b13310fe82a04e183713e549b8e367c2adf7cfc4f005a9544f6b6,.ps1,,,,,,
psSDP/Diag/global/TS_ModernAppsFailureForTrustedPathCredentialsCheck.psd1,28812,3abacc49272b6a4999e532778357b8806eb8d79ca582fd823587c68fc6c68413,.psd1,,,,,,
psSDP/Diag/global/TS_ModernAppsFailureForUACDisabledCheck.ps1,16359,a56ae4da5d6c73a40de3ee90c5ac48f6804896bfc36666d2e375d636312107ed,.ps1,,,,,,
psSDP/Diag/global/TS_ModernAppsFailureForUACDisabledCheck.psd1,28812,3abacc49272b6a4999e532778357b8806eb8d79ca582fd823587c68fc6c68413,.psd1,,,,,,
psSDP/Diag/global/TS_ModernAppsFailureForUACFileVirtualizationCheck.ps1,16512,71fa05f2f3b2d83ecc24dc89933786018e3df95723a350bfcedc92d6526b17d5,.ps1,,,,,,
psSDP/Diag/global/TS_ModernAppsFailureForUACFileVirtualizationCheck.psd1,28812,3abacc49272b6a4999e532778357b8806eb8d79ca582fd823587c68fc6c68413,.psd1,,,,,,
psSDP/Diag/global/TS_ModernAppsFailureForUserProfileDirCheck.ps1,16095,c0f816b79eb13f6790e7bca72a152611d160f1223d9fe7de87a9494c9119e962,.ps1,,,,,,
psSDP/Diag/global/TS_ModernAppsFailureForUserProfileDirCheck.psd1,28812,3abacc49272b6a4999e532778357b8806eb8d79ca582fd823587c68fc6c68413,.psd1,,,,,,
psSDP/Diag/global/TS_ModernAppsFailureForWindDefenderCheck.ps1,23133,d35eebf6e52ecf394b0e6855b516323bb1e6954aeec3241dfdcb541fbf5c281b,.ps1,,,,,,
psSDP/Diag/global/TS_ModernAppsFailureForWindDefenderCheck.psd1,28812,3abacc49272b6a4999e532778357b8806eb8d79ca582fd823587c68fc6c68413,.psd1,,,,,,
psSDP/Diag/global/TS_MonitorDiagExecution.ps1,26368,3510c081533d08bca7ee4c480710efb74d1b4c2b373c650f06488488bbe487be,.ps1,,,,,,
psSDP/Diag/global/TS_NTFSMetafilePerfCheck.ps1,18567,5d76fddd926e46fcc69f893060352347defbf5268d7d84ec95f5e1e39ae4edd1,.ps1,,,,,,
psSDP/Diag/global/TS_NTFSMetafilePerfCheck.psd1,29180,ce30406b6ba18432bd94d0dbda9f366f97ceff741e5de744bd319c7ea52e8c6c,.psd1,,,,,,
psSDP/Diag/global/TS_NetFilePSTCheck.ps1,18642,09d9c1a40c25051a4afaa7491b714645c2c2771464a34b63aab08b077588771b,.ps1,,,,,,
psSDP/Diag/global/TS_NetFilePSTCheck.psd1,29764,c9ae709ab1481c19eb467949a9ce8f82759761acc97da86cbedb62a410f4fdc6,.psd1,,,,,,
psSDP/Diag/global/TS_Netapi32MS08-067Check.ps1,19269,301156c2284240ccadae988caf4215a6125f7d35c7abe4ac14d52679d6eb4223,.ps1,,,,,,
psSDP/Diag/global/TS_Netapi32MS08-067Check.psd1,29046,5a00e3353ae4c67ea4deb1992a48eee5772d1962efd58c52dc49a67d6fcc49e0,.psd1,,,,,,
psSDP/Diag/global/TS_NetworkDTCEnabled.ps1,17048,f57f61c0c8d5c6da37545d0d05980dd24316d32533a4f057733c5698a879a039,.ps1,,,,,,
psSDP/Diag/global/TS_NetworkDTCEnabled.psd1,29036,d722983cccf3e90875cb0f6c5c9ca898a17209652ea05fc505c1ceb60307ad47,.psd1,,,,,,
psSDP/Diag/global/TS_OfferKB.ps1,15072,f0cdf976111dfbd359ff262fd640e6ab666cbf77fd8d6ee964021c28b1d0c15d,.ps1,,,,,,
psSDP/Diag/global/TS_PMTUCheck.ps1,16958,661226379319322dd5ea7cc656cf93b5446112f5b6da63c797b8d0aea6c844f2,.ps1,,,,,,
psSDP/Diag/global/TS_PMTUCheck.psd1,29098,56a4fe0102f577f6fb7d52bd35a18e641d1d1c3d05dcba7f0220ea0273f8e837,.psd1,,,,,,
psSDP/Diag/global/TS_PerfmonSystemPerf.ps1,33618,51ae81237b282d255028377933df4591cff486cfeba469d61d47a8225d562adb,.ps1,,,,,,
psSDP/Diag/global/TS_PerfmonSystemPerf.psd1,29374,afd55d15d1abb1d8fd4bcd036676eb513450bab03cb08f4bfcf8c0ced9d4955e,.psd1,,,,,,
psSDP/Diag/global/TS_PortUsage.ps1,34248,f7227dcfb5c2b446934d07374974a63db73db723ef60ae6cce1d95d81c59bdda,.ps1,,,,,,
psSDP/Diag/global/TS_PortUsage.psd1,29678,36d79d1bc3ef716bffb09e9618da374e0ea547017011db3fc775bcd5348bcf3f,.psd1,,,,,,
psSDP/Diag/global/TS_PowerCFG.ps1,22026,7b891180ebcd0e6dbc31706bb34316d977cfcc6e23ad42947ea6078f5fc971b1,.ps1,,,,,,
psSDP/Diag/global/TS_PowerCFG.psd1,29052,f38ef6443a16fe47f60326cf58887a19e82d9bdab70ca5e6707b68ec5bf54856,.psd1,,,,,,
psSDP/Diag/global/TS_PrintCSRBloatingCheck.ps1,17955,3459394ee0a8c9e9fdd47dd49513703371146f776995b3fedb942d3f8ec4eb08,.ps1,,,,,,
psSDP/Diag/global/TS_PrintCSRBloatingCheck.psd1,28972,18c9992cbd1fbef68ba53efe6766ad94d8dfda34281b256376e88e390b26b60d,.psd1,,,,,,
psSDP/Diag/global/TS_PrintDevModes2CountCheck.ps1,16931,c8bfa2d869765ce25632ce5e0afd1f76d81e088d4af3c35da4f28cd1c959c79b,.ps1,,,,,,
psSDP/Diag/global/TS_PrintDevModes2CountCheck.psd1,29020,ba04ac01a9d862c1bcdd1a95b2aa46effe1d7bc1a5f239c7ec122f0437f1f37d,.psd1,,,,,,
psSDP/Diag/global/TS_PrintHpzui4wmCheck.ps1,17647,9cc72691fef538097b146170301ed91e3731d6066d4287e8418324976b4e408a,.ps1,,,,,,
psSDP/Diag/global/TS_PrintHpzui4wmCheck.psd1,29122,107d7511f0c1f3458d7361f44773f99a2dbc517fdfb9901d7db4ce2678fb1562,.psd1,,,,,,
psSDP/Diag/global/TS_PrintInfo.ps1,15470,b66d71da5b9d322d6813bf57f9a3d169b0cfd3b7d7540b128df4f6ed5e3e997f,.ps1,,,,,,
psSDP/Diag/global/TS_PrintSetTMPSystem32Check.ps1,17318,d6cad716263e3a2496455c6bd7b69e35b0221a085d315a9191e5dde6edf0c082,.ps1,,,,,,
psSDP/Diag/global/TS_PrintSetTMPSystem32Check.psd1,29076,d0bd8565573ea4237b71e5e81ef6ddb05ef14a4e975b28e609b9b6a821f15776,.psd1,,,,,,
psSDP/Diag/global/TS_PrintSpoolerOldSPLSHD.ps1,22068,13646d8befe81ea5dd3ca76df2e5cedfd46c04ad42ef1e7ed444a6a0141dff0b,.ps1,,,,,,
psSDP/Diag/global/TS_PrintSpoolerOldSPLSHD.psd1,29056,58bd8907b09678d26770873d39cf09efa32c5162fa229a5d5cd366212bceb39d,.psd1,,,,,,
psSDP/Diag/global/TS_PrintZSDDMUICheck.ps1,17437,087029d462b9b438e4924ecc6ae60c45a8e8efb1e404ec69d4ae8b1646d84af8,.ps1,,,,,,
psSDP/Diag/global/TS_PrintZSDDMUICheck.psd1,29056,7683d4c8bb54dc18c5ce9ee52624ebc626f669be3b2af5400604e652180958d6,.psd1,,,,,,
psSDP/Diag/global/TS_PrinterKB2457866Check.ps1,18986,e5d9b84cd7a03fff0dd0d98be5c48f5890ea8e8591129b6bd5521e07139dd743,.ps1,,,,,,
psSDP/Diag/global/TS_PrinterKB2457866Check.psd1,29118,3dc4e21fbbe7ed69a0a3df8e7092cecee4072fbc3907ca219bc12cd734de79b5,.psd1,,,,,,
psSDP/Diag/global/TS_PrinterKB2618460Check.ps1,18380,1135a3f65083a2d373e9bf5dc19b84bdc6bb5c9c6922ee31602554ae16e11e78,.ps1,,,,,,
psSDP/Diag/global/TS_PrinterKB2618460Check.psd1,29090,e84229142730f42db761d4423bbed0a86f4267828d87107003c64f86b504f784,.psd1,,,,,,
psSDP/Diag/global/TS_PrinterKB982728Check.ps1,18019,972bbeb9411c2e0519588f742e00f8beef688ef9fabbefb2c16277674f426028,.ps1,,,,,,
psSDP/Diag/global/TS_PrinterKB982728Check.psd1,29126,ad8faf95af02befbe37bd0bd74dccebf4a5a7de716cc945117519536ef0bac15,.psd1,,,,,,
psSDP/Diag/global/TS_PrinterShowOffline.ps1,16618,16b239ecb9e4ac76266ad1e0e7ec8b7ce16f1d128b55c51a35d96319da0cf728,.ps1,,,,,,
psSDP/Diag/global/TS_PrinterShowOffline.psd1,28812,3abacc49272b6a4999e532778357b8806eb8d79ca582fd823587c68fc6c68413,.psd1,,,,,,
psSDP/Diag/global/TS_PrintingHPTCPMonCheck.ps1,16036,be9797abaee093662bc3143864c208aae4cf26170ac64197c30cc49166bb32ac,.ps1,,,,,,
psSDP/Diag/global/TS_PrintingHPTCPMonCheck.psd1,29152,7556f5a19bed8522577100729fe745cb9e5cd1765d63ed5363df72f878d85604,.psd1,,,,,,
psSDP/Diag/global/TS_ProLiantDL385NMICrashDump.ps1,17241,5a87bd6abaac41e9af41ffc42f4d8da13f88a2082371556a71c0f33ab34a21b4,.ps1,,,,,,
psSDP/Diag/global/TS_ProLiantDL385NMICrashDump.psd1,29112,72245a6a2850582e4d0d44bb6dffda1f55e8573f69aeed07d48e60a3ca3a1bae,.psd1,,,,,,
psSDP/Diag/global/TS_ProcessEventLogRules.ps1,25507,c1af7a6e20d096159bcd8b348388bb68a122242a829dcfb730376335d0818020,.ps1,,,,,,
psSDP/Diag/global/TS_ProcessEventLogRules.psd1,28812,3abacc49272b6a4999e532778357b8806eb8d79ca582fd823587c68fc6c68413,.psd1,,,,,,
psSDP/Diag/global/TS_ProcessInfo.ps1,23321,4420abfaba308f5470eef95e418e9554546183bb6589b5656f047138c9f0399e,.ps1,,,,,,
psSDP/Diag/global/TS_ProcessInfo.psd1,29044,bcdb51947aadd858f61ebf27b5977947118475671a5019ada5463b34fb622c00,.psd1,,,,,,
psSDP/Diag/global/TS_ProvisioningMode.ps1,16673,4af16fa246c64cccabe968746f1367d1d022a574c21b2c9f2d4f347120f6c16c,.ps1,,,,,,
psSDP/Diag/global/TS_ProvisioningMode.psd1,29106,0e1cd8236ffb44a41ba460f8278fa6f8954594219cb3f12c2214d5b1b5838dfb,.psd1,,,,,,
psSDP/Diag/global/TS_PrtprocsSubfolderBloat.ps1,18344,8431882edf08d07e189290e854921615ff7f6380425e45ea3e0bfc25417813ba,.ps1,,,,,,
psSDP/Diag/global/TS_PrtprocsSubfolderBloat.psd1,28812,3abacc49272b6a4999e532778357b8806eb8d79ca582fd823587c68fc6c68413,.psd1,,,,,,
psSDP/Diag/global/TS_QueueEventLogRules.ps1,15007,55feab7145de8b4f725cd54045da46d3705129ee1a5b98319fdd94894f97a60d,.ps1,,,,,,
psSDP/Diag/global/TS_REGISTRYDATATYPECHECK.psd1,29200,d49e6718af9bf23debe19b77d5fd6aacf361bf324ee25229fcf34f5e2e761906,.psd1,,,,,,
psSDP/Diag/global/TS_RPCPortRangeCheck.ps1,17329,916b113aaf74b4f4d82c735e3ed9b79e73b25008a44c26ffc9957a47c2eabacd,.ps1,,,,,,
psSDP/Diag/global/TS_RPCPortRangeCheck.psd1,28812,3abacc49272b6a4999e532778357b8806eb8d79ca582fd823587c68fc6c68413,.psd1,,,,,,
psSDP/Diag/global/TS_RPCUnauthenticatedSessions.ps1,17068,f761ecb13e9fdecdb7a8d75c3e1c339e31211fa775379fdae7e3483a85b869cf,.ps1,,,,,,
psSDP/Diag/global/TS_RPCUnauthenticatedSessions.psd1,29002,9590f16f0d29f5248c3641bc39ce3c2ccea0daf2db4418afb85a124ba929ecdc,.psd1,,,,,,
psSDP/Diag/global/TS_RedArrowRegistryCheck.ps1,17642,df5b719616232a53971c92b8f917a455e1b4f3027ca974e1f9bd13787fc1ce5e,.ps1,,,,,,
psSDP/Diag/global/TS_RedArrowRegistryCheck.psd1,28812,3abacc49272b6a4999e532778357b8806eb8d79ca582fd823587c68fc6c68413,.psd1,,,,,,
psSDP/Diag/global/TS_RegistryDatatypeCheck.ps1,18668,652c035852d2d70776171ace89f1ffbae7186bc553ac97e829c9b6848a750f6c,.ps1,,,,,,
psSDP/Diag/global/TS_RegistryEntryForAutorunsCheck.ps1,16809,02ff837626c42cb1c817da2820698994358bd44f1ef298467fb9afa8393a04c4,.ps1,,,,,,
psSDP/Diag/global/TS_RegistryEntryForAutorunsCheck.psd1,28812,3abacc49272b6a4999e532778357b8806eb8d79ca582fd823587c68fc6c68413,.psd1,,,,,,
psSDP/Diag/global/TS_RegistrySizeLimitCheck.ps1,16621,f7ae92315bcc13ccc91531dbef5a526bff17da7fd16df7a0729752c41cb9b668,.ps1,,,,,,
psSDP/Diag/global/TS_RegistrySizeLimitCheck.psd1,29482,7120b38749942bc0aafd82b70b2887080236046bf76bdda34da74350052179f9,.psd1,,,,,,
psSDP/Diag/global/TS_RegkeyCheck.ps1,15789,cba328431c47a73ba358573c613ee904586d865233f11e606101508392b6767f,.ps1,,,,,,
psSDP/Diag/global/TS_RegkeyCheck.psd1,29090,d21eee16390f183d9efe97a6babb07e674476e12e640e019bc22cad7d6751b5e,.psd1,,,,,,
psSDP/Diag/global/TS_RemoteDesktopLServerKB2512845.ps1,17646,865f3c28a23a0817f88d1e37680ea898efb1133980edf6bd37d37a1c78e0e0fe,.ps1,,,,,,
psSDP/Diag/global/TS_RemoteDesktopLServerKB2512845.psd1,29170,79c5e57daa8f9ffaba3278eec983e21ec3aed3fd0177140e14f665c2c3ab19e3,.psd1,,,,,,
psSDP/Diag/global/TS_RemoteSetup.ps1,113496,443f506d3c7c61b18f941e917a9ce5f60b09ee4d08921d1587df2dc9ac643ad4,.ps1,,,,,,
psSDP/Diag/global/TS_RemoteSetup.psd1,33882,c0fb3ab26aba8ab1fa796d706aebce3c155ed3b986f94c48ceed758c7b671f60,.psd1,,,,,,
psSDP/Diag/global/TS_RemoteSetup_read.ps1,113440,80c4068043bdbf3d58d1bec7c1218dfe101eca4deafa8a066860e40c3c329d18,.ps1,,,,,,
psSDP/Diag/global/TS_RestoreConfig.ps1,33036,19923f4c0af23250249e2d6eda7a2e2f20cd47f9868d22ccf9fb7fb489516aef,.ps1,,,,,,
psSDP/Diag/global/TS_RunDiagMonitor.ps1,23628,e4db949d8826cd8f10dd981c810b119a5028b92ecd33830e14fd0502e70946e6,.ps1,,,,,,
psSDP/Diag/global/TS_SBSLClearPageFileAtShutdown.ps1,17731,8ebe2693001fdc56df6bff8c70d88c81db29d0117d935a5e4d6facbe842ec8f3,.ps1,,,,,,
psSDP/Diag/global/TS_SBSLClearPageFileAtShutdown.psd1,29126,816be40ee8ec35ab743e2e6c4c938e9f35de8e1f68a93a5ee352972fb9dab264,.psd1,,,,,,
psSDP/Diag/global/TS_SBSL_DHCPRelayKB2459530.ps1,18043,9e0128c22182b3621e437de7cf0fee958e1e1986b73a1b077d8504cad3e9a508,.ps1,,,,,,
psSDP/Diag/global/TS_SBSL_DHCPRelayKB2459530.psd1,29214,f81721033ea96e1c93e82cf69085a42171964e09e400d2234b4ade1ad3d2fa29,.psd1,,,,,,
psSDP/Diag/global/TS_SBSL_MCAfee_EEPC_SlowBoot.ps1,17540,93bd444eb3cdc3f9d91d27da3c387fc23bf7267a521e451925ba6d165fdd0991,.ps1,,,,,,
psSDP/Diag/global/TS_SBSL_MCAfee_EEPC_SlowBoot.psd1,29118,4c43587d11eee5aa726d26b57dd8307adeba013fdbad0448007b979f1d62c58e,.psd1,,,,,,
psSDP/Diag/global/TS_SEPProcessHandleLeak.ps1,17452,ae02169e47e5e3e530329b86986e9d85540be0110c7a1599676617c3f4ab6659,.ps1,,,,,,
psSDP/Diag/global/TS_SEPProcessHandleLeak.psd1,29104,e392b76ecab34140995a4f6fcdac3eab1031b0e15398ef6076d95a790f631526,.psd1,,,,,,
psSDP/Diag/global/TS_SMB2ClientDriverStateCheck.ps1,15521,9084b8ae013e6e89dc59786279c347be032d0ecc9527a891ed2582a471ff63c3,.ps1,,,,,,
psSDP/Diag/global/TS_SMB2ClientDriverStateCheck.psd1,29188,a66d19d61b7bbfe5fbe76562724f261a1ce673c3a28cd1e9728a59d50814ac62,.psd1,,,,,,
psSDP/Diag/global/TS_SMB2ServerDriverStateCheck.ps1,15826,dce8e5f79a5b6beb13046a3b9136eea7293c4cc5f948d1e3a18ff5a82fbd4e0c,.ps1,,,,,,
psSDP/Diag/global/TS_SMB2ServerDriverStateCheck.psd1,29180,c91e1c4e0ebe7b1b24e776f1cc6bf4ce7db708407521ef4673d67a63ad983ddf,.psd1,,,,,,
psSDP/Diag/global/TS_SelectClusterNodes.ps1,21796,2ed7a6b5ec6cd5e4f54315ce0447d1f872b652bc1e995d46a9d1b03bc5e43bff,.ps1,,,,,,
psSDP/Diag/global/TS_SelectClusterNodes.psd1,30884,ff95e7420b0303d2cc3a77a5f4923be7bf9cfbc938f28e0cd35d89a93231ceed,.psd1,,,,,,
psSDP/Diag/global/TS_ServerCoreKB978309Check.ps1,17629,650a008601068681c7c126779acd9cd990bd78aab1c3ec1136a7856ec1073f1f,.ps1,,,,,,
psSDP/Diag/global/TS_ServerCoreKB978309Check.psd1,29010,199eb1ab48df48ff0920a9fc77b6ebebbffb94bfb2fee2db1f7be576a73408e2,.psd1,,,,,,
psSDP/Diag/global/TS_ServerManagerRefreshKB2762229.ps1,16877,8b6879e2052076da9c5fa24d2f6f5baabba2ac13fae027e2de7ee8384dff7704,.ps1,,,,,,
psSDP/Diag/global/TS_ServerManagerRefreshKB2762229.psd1,28812,3abacc49272b6a4999e532778357b8806eb8d79ca582fd823587c68fc6c68413,.psd1,,,,,,
psSDP/Diag/global/TS_Server_AsyncRemoveCompletedJobs_Check.ps1,16293,06c3ce84a1e9850dff6c4eb6cc9933616bf36eb60121c2cc473cbc767e8ebc54,.ps1,,,,,,
psSDP/Diag/global/TS_Server_AsyncRemoveCompletedJobs_Check.psd1,29380,20ff6c2e3e59f9b7cb1168f26960177e1ed255261bd97cebb783b995e3a0ce39,.psd1,,,,,,
psSDP/Diag/global/TS_ServicingComponentsReg.ps1,17060,603d015420ee704865ab55ddd7c45d216c3d1d8ffef39745ed4565cc71ad4c9d,.ps1,,,,,,
psSDP/Diag/global/TS_ServicingComponentsReg.psd1,29100,2dbf38de4295f9829978b8f268ab4b9fc519eb26ffe58daf23a5dad9bc3f33c0,.psd1,,,,,,
psSDP/Diag/global/TS_ServicingCorruptionCheck.ps1,18286,3bdf7718941d2b0b8fbc47047499a3cb1046c50125da821d42fdc028f2ccd99b,.ps1,,,,,,
psSDP/Diag/global/TS_ServicingCorruptionCheck.psd1,29154,bb2dcd2edb55fa2426be74a3613fde44029eea360d31f64e76517b198616ef4e,.psd1,,,,,,
psSDP/Diag/global/TS_ServicingEventLogs.ps1,14565,3d72d470ea0e94df4e622f15f7e4010363302f843233592f6b10fcf736f6c46e,.ps1,,,,,,
psSDP/Diag/global/TS_ServicingPendingXml.ps1,16783,bd1e789c81f498df4d7cf5ac7c7639cb07e090f4b199bad86464855d702cf8ed,.ps1,,,,,,
psSDP/Diag/global/TS_ServicingPendingXml.psd1,28952,7a131904455d3f391089d6b140666b56e7175ac0a24ac7a2cdb693e7ff6120c7,.psd1,,,,,,
psSDP/Diag/global/TS_SkypeFailureForMissingKB2703761Check.ps1,16386,ad2b64b04148199ac0351332073985905967d4108764b7daa1ba36cc55cb9803,.ps1,,,,,,
psSDP/Diag/global/TS_SkypeFailureForMissingKB2703761Check.psd1,28812,3abacc49272b6a4999e532778357b8806eb8d79ca582fd823587c68fc6c68413,.psd1,,,,,,
psSDP/Diag/global/TS_SpoolerDumpInfo.ps1,16657,b72535c1bb947791be003b0990d51025d61d8bc04ea535e5f616ac6f4f5e0124,.ps1,,,,,,
psSDP/Diag/global/TS_SpoolerDumpInfo.psd1,28896,2224013f2f87defdafa443d6c0891f5342832db64c75ba31a2fc1f6fbbe6dbc2,.psd1,,,,,,
psSDP/Diag/global/TS_StoreAppsFailureForDCOMErrorCheck.ps1,18532,d2fb2933a7b138f8c777da6512cc5f13f4f6a4aa81b1340f9840be6806f282f4,.ps1,,,,,,
psSDP/Diag/global/TS_StoreAppsFailureForDCOMErrorCheck.psd1,28812,3abacc49272b6a4999e532778357b8806eb8d79ca582fd823587c68fc6c68413,.psd1,,,,,,
psSDP/Diag/global/TS_StoreAppsFailureForVideoResolutionCheck.ps1,16663,612bf613c2a9790053da5b14da6653c39cf7747bb617f3808166e07a74ce3fac,.ps1,,,,,,
psSDP/Diag/global/TS_StoreAppsFailureForVideoResolutionCheck.psd1,28812,3abacc49272b6a4999e532778357b8806eb8d79ca582fd823587c68fc6c68413,.psd1,,,,,,
psSDP/Diag/global/TS_SurfaceDetectConnectedStandbyStatus.ps1,18751,a347b92d04615e536d5f283ba7b02abc85e43165d9a19d056bd104d145fbd62e,.ps1,,,,,,
psSDP/Diag/global/TS_SurfaceDetectConnectedStandbyStatus.psd1,29176,880dc98f8c9e33f9500c9e32583e55ef83429fa93a8800c1e0967ab50326fb10,.psd1,,,,,,
psSDP/Diag/global/TS_SurfaceDetectFirmwareVersions.ps1,25233,c8caaa379395b947129af6d9f3f3c9852fa3798c98c21419e2b496884be76a40,.ps1,,,,,,
psSDP/Diag/global/TS_SurfaceDetectFirmwareVersions.psd1,29128,9d1b59eaaa388d6fc89ebe679dc5a5823b4024ef2aa2573c5c94d024fd9bfef7,.psd1,,,,,,
psSDP/Diag/global/TS_SurfaceDetectWifiDriverVersion.ps1,19733,f9734a997bb9e20515f4190ec3b44118b611c5858daf8fa247fa151a02b0e409,.ps1,,,,,,
psSDP/Diag/global/TS_SurfaceDetectWifiDriverVersion.psd1,29168,841b380f9689e03fe286c30638b6a81e7ebc0199deda5ed6ef2e522eafedf590,.psd1,,,,,,
psSDP/Diag/global/TS_SurfacePro3DetectConnectedStandbyHibernationConfig.ps1,25192,4beb75c300110a5a2f6027fb08d81f6be860d30191674bd76f60f0a4c4fb4aad,.ps1,,,,,,
psSDP/Diag/global/TS_SurfacePro3DetectConnectedStandbyHibernationConfig.psd1,29330,b5f6b669b77fb68eade09b2a633ccc6908cf3f47a1ea75b3d9dc40aa4d15195b,.psd1,,,,,,
psSDP/Diag/global/TS_SurfacePro3DetectConnectedStandbyStatus.ps1,19005,bfec7e51050e3b978f0a621f59a3cc299006c04dd12be7505b411f6f1c6428a9,.ps1,,,,,,
psSDP/Diag/global/TS_SurfacePro3DetectConnectedStandbyStatus.psd1,29200,1e191776c5b03e949537880de133fc7ce54ca6fbc8f824066b6c187ab919f21e,.psd1,,,,,,
psSDP/Diag/global/TS_SurfacePro3DetectFirmwareVersions.ps1,23971,fe4d9bb13594e4278e40820e515c4caa4221bc6f849047edf51fa4912b3c7cd8,.ps1,,,,,,
psSDP/Diag/global/TS_SurfacePro3DetectFirmwareVersions.psd1,29160,153d6ed2ddd16480592e52fca1cb62000a7e3403d645e0c6a187e57a5348d010,.psd1,,,,,,
psSDP/Diag/global/TS_SurfacePro3DetectWifiDriverVersion.ps1,19316,a94656be1734bc6506c13ff46ce96fbc95ef2be88fbf1be8125675fa21fdad91,.ps1,,,,,,
psSDP/Diag/global/TS_SurfacePro3DetectWifiDriverVersion.psd1,29184,075083b50bef2815d1999ab7046b77d5c08dc52628bcf6ab90286bc4d6c3cb17,.psd1,,,,,,
psSDP/Diag/global/TS_SwithesInBootiniCheck.ps1,17667,43b60d278e7d156de475094f7c0b35a5bfee04a9bd745554632e0166d57e6257,.ps1,,,,,,
psSDP/Diag/global/TS_SwithesInBootiniCheck.psd1,28812,3abacc49272b6a4999e532778357b8806eb8d79ca582fd823587c68fc6c68413,.psd1,,,,,,
psSDP/Diag/global/TS_SymantecEPCheck.ps1,16523,4a5151515a4780d6d0f1fa55ff11aa46bd490e3beccb76a6251d231fa63cc8d6,.ps1,,,,,,
psSDP/Diag/global/TS_SymantecEPCheck.psd1,29132,9432cda31b6c858fe0e1d30a5383c3cef55a2f761047ee2645763e1947fddc0d,.psd1,,,,,,
psSDP/Diag/global/TS_SymantecIPSCheck.ps1,15893,126fe8508b8a962c14205e816d4e630e8a81fc848b40d4806f176b3950ba4ae7,.ps1,,,,,,
psSDP/Diag/global/TS_SymantecIPSCheck.psd1,29126,a5351521f37fa44b2f8e66bfa8f2a75f737fd489c6f18a0cb60649e3c7f972a1,.psd1,,,,,,
psSDP/Diag/global/TS_SysvolNetLogonShareCheck.ps1,16795,18c849309360b2e45ae107d828da10b3db9b0058c3e1d36a347e11b69f78843e,.ps1,,,,,,
psSDP/Diag/global/TS_SysvolNetLogonShareCheck.psd1,29072,49a6754923df887f4461e11d039845bc538e3d7abfea04142accc2ac06063ed2,.psd1,,,,,,
psSDP/Diag/global/TS_TCPIPSettingsCheck.ps1,20584,521b4a5ee0817ddf871292c212a8260184ca28d3c603421a7afb9702b3d022e4,.ps1,,,,,,
psSDP/Diag/global/TS_TCPIPSettingsCheck.psd1,29036,ba1afaf846e52d38776d12574cb29bcc55c7b099aaba933b69f90d61cbae17ef,.psd1,,,,,,
psSDP/Diag/global/TS_TelnetSystemAccount.ps1,16972,8a12ae0d375108fd61a8706abee64a23bb1ee22d659694d05fd76e5a7e39c13f,.ps1,,,,,,
psSDP/Diag/global/TS_TelnetSystemAccount.psd1,29116,4217af7219a7df3288abcb7f747986a5f70ef916588e4f1b41b1492095c5f1ed,.psd1,,,,,,
psSDP/Diag/global/TS_USNRollBackCheck.ps1,17582,f8d5f3ee6c90c2b61abf0cb3137bd5e207602d3a9d74689669bc61ef859f688a,.ps1,,,,,,
psSDP/Diag/global/TS_USNRollBackCheck.psd1,28928,2c49920b125208c3c59867ba18a1e1db68822d88623395cd033c22738d1bdd84,.psd1,,,,,,
psSDP/Diag/global/TS_UnsupportedCustomApp_Exists.ps1,18214,7c991dbb5b6a63b23d6111a7ad03c7ad911e719088616f223336e85e89a8629e,.ps1,,,,,,
psSDP/Diag/global/TS_UnsupportedCustomApp_Exists.psd1,29378,150c329cd4e0e45863c9af88b9677361d96570cf9e6df0014a2b24e7837b0d18,.psd1,,,,,,
psSDP/Diag/global/TS_UploadSingleFile.ps1,17869,9576a43582c61c88e46f9a293fd753e595280bc75bf2d6c03b11d28568172d6b,.ps1,,,,,,
psSDP/Diag/global/TS_UploadSingleFile.psd1,29762,d57b15718cb8f2f093369a23c08f5158644158df6f81f82a6abcc7c9a1dca254,.psd1,,,,,,
psSDP/Diag/global/TS_UsbstorSystemPermissionsSPCheck.ps1,17480,1b304386483f24acf060e9417ae78d8a2b9806aca74a0bc2a5e97bc5cea84335,.ps1,,,,,,
psSDP/Diag/global/TS_UsbstorSystemPermissionsSPCheck.psd1,29164,4bfa777f289799c515a96a0da2221dc83b28567fec2a40385bdcc5a2af8cbb8c,.psd1,,,,,,
psSDP/Diag/global/TS_UseAppPoolCredentialsFalseCheck.ps1,18297,32dfd8f16a0e9041b1c453f564dda321971b196361e03900839bdca63d8fb03d,.ps1,,,,,,
psSDP/Diag/global/TS_UseAppPoolCredentialsFalseCheck.psd1,29268,6c4c1dc7d1f4791d9fea9b4de74c444ba03471752749b988ff0d0996c4394148,.psd1,,,,,,
psSDP/Diag/global/TS_VerifyTimeoutRegistrySettings.ps1,18282,2371cf03e2a05c0e1c2cfefb3ee9788edd4a266470b58afdb1752a59cfddced8,.ps1,,,,,,
psSDP/Diag/global/TS_VerifyTimeoutRegistrySettings.psd1,29224,ccfdd986d05231e5c4eae630a0a0f6006ee220e7089208d82eafa55e9b18f1f4,.psd1,,,,,,
psSDP/Diag/global/TS_VeritasVXIOBadConfigFlags.ps1,16601,8c386efb52c469b925af5909759eef446fa2ec67c351c585b056a4808e07f415,.ps1,,,,,,
psSDP/Diag/global/TS_VeritasVXIOBadConfigFlags.psd1,29068,7d15d336392d2f0da2feb6fc073f542c96e846e97ce80df74432043d0c80fea5,.psd1,,,,,,
psSDP/Diag/global/TS_Virtualization.ps1,20544,90dcbf6f7f06f21a124ef4c07269e4b499a82dc6857ac0d56dbcd7b244a01b10,.ps1,,,,,,
psSDP/Diag/global/TS_Virtualization.psd1,29188,b69bd900db0ef53d27272b9966a930fbde905fdee576343eb6bfa67ff508c68b,.psd1,,,,,,
psSDP/Diag/global/TS_WMIHandleLeakKB2639077.ps1,17756,81369be757b7565e6dd1f6e8d26f21f46f2c122dc3d66d905f4f9d157c33469d,.ps1,,,,,,
psSDP/Diag/global/TS_WMIHandleLeakKB2639077.psd1,28812,3abacc49272b6a4999e532778357b8806eb8d79ca582fd823587c68fc6c68413,.psd1,,,,,,
psSDP/Diag/global/TS_Win32TimeTimeSkewRegCheck.ps1,17388,b723c630dedc79b591d50789999646454b39b39367ab0a217dfaa7c85d84bdd7,.ps1,,,,,,
psSDP/Diag/global/TS_Win32TimeTimeSkewRegCheck.psd1,28988,2bc204f5007ee020b8d65f895167241f26ec233c5f59c355e5f8bbd8e052754d,.psd1,,,,,,
psSDP/Diag/global/TS_Win7PrintUpdateRollupCheck.ps1,17761,4cf87e4810bd43315735c43ae4be58ec05f0f95ae206f30010077b5612231541,.ps1,,,,,,
psSDP/Diag/global/TS_Win7PrintUpdateRollupCheck.psd1,28974,6f8b55bda429035b751820e825d6ca9479f3cccd81cbf3c075acc5a497bdf429,.psd1,,,,,,
psSDP/Diag/global/TS_WindowsSearchLenovoRapidBootCheck.ps1,17659,e700ef8c6f0f693a7871c9a643c3e1c943301aed2b71a6e75115f37ae947679b,.ps1,,,,,,
psSDP/Diag/global/TS_WindowsSearchLenovoRapidBootCheck.psd1,29062,4afb11f73f22fa2c57b2759c3211fcbf30d664ff223e48c2b860632c7fb8ffc3,.psd1,,,,,,
psSDP/Diag/global/TS_WsftpsiExplorerCrashCheck.ps1,17608,cc82bb1a5a44580e6d958c309313159fa4aeb55b708e7db55bee87d2531ebb12,.ps1,,,,,,
psSDP/Diag/global/TS_WsftpsiExplorerCrashCheck.psd1,29106,7561635d24c0ed2198a6c568d9757679e7e1097c81f196898b72ad69db781fe3,.psd1,,,,,,
psSDP/Diag/global/TS_XTENonPagedPoolCheck.ps1,17392,5899b9fa52b3289af54ae0d5eade834942abc19bd706f0af375452c0bee7e1d1,.ps1,,,,,,
psSDP/Diag/global/TS_XTENonPagedPoolCheck.psd1,29044,caa94b7d0ab3eb709586fd34b6b94b9a142980cb7e2f70a45bb5c1b9107db8f8,.psd1,,,,,,
psSDP/Diag/global/TS_eEyeDigitalSecurityCheck.ps1,17359,cca33410810c5cd44d986a15063a61992f00cc1636b79d77883e2701cc292f4e,.ps1,,,,,,
psSDP/Diag/global/TS_eEyeDigitalSecurityCheck.psd1,28812,3abacc49272b6a4999e532778357b8806eb8d79ca582fd823587c68fc6c68413,.psd1,,,,,,
psSDP/Diag/global/UpdateHistory.VBS,79082,fcdb24b70a368db1d2065bf2b8684b09bd313f00914ee9ae2f9a4839da329121,.vbs,,,,,,
psSDP/Diag/global/UpdateHistory.xsl,22699,09ea78e923d65d3bffc513f7ebca62584efe85676a161b409b29dccde92e31ba,.xsl,,,,,,
psSDP/Diag/global/Utils_Discovery.ps1,80813,ed55b526879b6e795625db71cbec0a80feb6e44d3cca2d5f260bb45812b4319f,.ps1,,,,,,
psSDP/Diag/global/Utils_SUVP.ps1,16904,35a934df22cf1517f86165247e78e16dc5f52f32b6923aa4e47813075dfeaf76,.ps1,,,,,,
psSDP/Diag/global/VF_GenericMessage-544.ps1,14430,afc272681813e18c89b1b77e3ccc56877dc2db10c49c54b488c7b9f85ed7d389,.ps1,,,,,,
psSDP/Diag/global/VF_GenericMessage-99354.ps1,14430,afc272681813e18c89b1b77e3ccc56877dc2db10c49c54b488c7b9f85ed7d389,.ps1,,,,,,
psSDP/Diag/global/VF_GenericMessage.ps1,14430,afc272681813e18c89b1b77e3ccc56877dc2db10c49c54b488c7b9f85ed7d389,.ps1,,,,,,
psSDP/Diag/global/VSSPSS.vbs,28180,ea683095cf03231147a81ab82cc3f93e056f075bb0060fa4dd0f61b0e2eae099,.vbs,,,,,,
psSDP/Diag/global/WSRUNAMD64.EXE,367672,21584b7a922151f6fd14e443eb20ceb5bb858ad770dfc6f07a63e3eeb7444c7b,.exe,True,True,True,True,"CN=Microsoft Corporation,O=Microsoft Corporation,L=Redmond,ST=Washington,C=US","CN=Microsoft Code Signing PCA 2011,O=Microsoft Corporation,L=Redmond,ST=Washington,C=US"
psSDP/Diag/global/WSRUNI386.EXE,355400,2e68afabcb53865c746195a874cbfb337e7c53b802d16081327a4727fffe1f62,.exe,True,True,True,True,"CN=Microsoft Corporation,O=Microsoft Corporation,L=Redmond,ST=Washington,C=US","CN=Microsoft Code Signing PCA 2011,O=Microsoft Corporation,L=Redmond,ST=Washington,C=US"
psSDP/Diag/global/WSRunCommand.wsrun,26,d873bdc19692dda5c7d403caf756e7a4394c3b5ce3952de7b81e8f4932da678b,.wsrun,,,,,,
psSDP/Diag/global/WUErrors.xml,42280,64717bfa068c551d775d41f8ed49bc9ba36d5a38e3c5696076951a19d0d8f0a7,.xml,,,,,,
psSDP/Diag/global/_RevisionHistory_psSDP.txt,6712,7829c423a99a72407ccce3cec5c9d78bb98b35bdcab800f0c685118a906524ab,.txt,,,,,,
psSDP/Diag/global/_Script_names_Mini.txt,372,0702842882d5bcc8c4a673e4ebf77b5a3fad3aeb3de00333aabc697dd8c1649b,.txt,,,,,,
psSDP/Diag/global/_Script_names_Nano.txt,230,a6fa7d715a9c953a30060adafc19a9e08bc472fe1e6cc0517099c50523c5dc50,.txt,,,,,,
psSDP/Diag/global/_Script_names_RFL.txt,162,5b7c115b37645f0a119686f3f1ef586b1a2e978cfe0b6e5f6705b015be82f23e,.txt,,,,,,
psSDP/Diag/global/_Script_names_Repro.txt,74,48c24214bfe464ef73de900a1617af8488ff69c378415e163ca5d85a595244c6,.txt,,,,,,
psSDP/Diag/global/autorunsc.exe,561224,22cd5b51a9440835b43acf1aa1d4f2ff161bc9788727c54531803ec06522484e,.exe,True,True,True,True,"CN=Microsoft Corporation,O=Microsoft Corporation,L=Redmond,ST=Washington,C=US","CN=Microsoft Code Signing PCA 2011,O=Microsoft Corporation,L=Redmond,ST=Washington,C=US"
psSDP/Diag/global/cdb.exe,83000,d95254a8b72e90c893c38e3ffabf90c9bab6696fdaec3b5fb21e6d289d4f052c,.exe,True,True,True,True,"CN=Microsoft Corporation,O=Microsoft Corporation,L=Redmond,ST=Washington,C=US","CN=Microsoft Code Signing PCA 2011,O=Microsoft Corporation,L=Redmond,ST=Washington,C=US"
psSDP/Diag/global/certadm.dll,95816,0cf3a54122934822a555e2fe9b4f741b1ea4dd8bcd1f8664840ba8ce7d04b8d5,.dll,True,True,True,True,"CN=Microsoft Corporation,O=Microsoft Corporation,L=Redmond,ST=Washington,C=US","CN=Microsoft Code Signing PCA 2011,O=Microsoft Corporation,L=Redmond,ST=Washington,C=US"
psSDP/Diag/global/clusmps.exe,170056,b08ff07513ca5cd533049c46f64f1d98ee131d62d9c0a1528785233f1fe9417f,.exe,True,True,True,True,"CN=Microsoft Corporation,O=Microsoft Corporation,L=Redmond,ST=Washington,C=US","CN=Microsoft Code Signing PCA 2011,O=Microsoft Corporation,L=Redmond,ST=Washington,C=US"
psSDP/Diag/global/cts_results.xsl,58072,3c8be12e0248b39ae01f07f65b7837be9c4276d8cc588b74e9c4d0b8589f7fab,.xsl,,,,,,
psSDP/Diag/global/dbgeng.dll,2631200,b2e00bad3eb94ce2c06120d11d768d4ad021b05c63f28a1c26ccb4094d446806,.dll,True,True,True,True,"CN=Microsoft Corporation,O=Microsoft Corporation,L=Redmond,ST=Washington,C=US","CN=Microsoft Code Signing PCA 2011,O=Microsoft Corporation,L=Redmond,ST=Washington,C=US"
psSDP/Diag/global/dbghelp.dll,1133088,02145684a3c9533fdc39750c22ab8d15f7be5d12709d6a48b82b59aa3be26aba,.dll,True,True,True,True,"CN=Microsoft Corporation,O=Microsoft Corporation,L=Redmond,ST=Washington,C=US","CN=Microsoft Code Signing PCA 2011,O=Microsoft Corporation,L=Redmond,ST=Washington,C=US"
psSDP/Diag/global/dc_PoolMon.psd1,29164,4c915fdad8bb4ffa3907dea56a4eb5f3524078e185bf2b1c62a437b7c79d59be,.psd1,,,,,,
psSDP/Diag/global/dc_appliedsectempl.psd1,29042,dcec6939314046703765e15598b7001e87845378df5d626811f035493575435a,.psd1,,,,,,
psSDP/Diag/global/dc_backgroundcollector.psd1,29282,a3257d9ac04c94d5ddca0088acb464d953c93eb6f77ebdb54fc4da472fc3698c,.psd1,,,,,,
psSDP/Diag/global/dc_cbengine.psd1,28970,259214829fe605b5ab80e9356ca5f4d4361888ce970af3c47fffd312957dd3e5,.psd1,,,,,,
psSDP/Diag/global/dc_certificates.psd1,29006,8fa98163708b3f68d487bd061e0343ddd87fcc727c5b48b80673fb4119d20cdc,.psd1,,,,,,
psSDP/Diag/global/dc_chksym.psd1,28912,3a71af415310e3d1f05f78ab3db7d7e60a204ce1455928f637c6a126c2f799d2,.psd1,,,,,,
psSDP/Diag/global/dc_classregistration.psd1,29024,1526160ba78cf475c64c6bfdb67eaa782e20f1b0e8459973b3ee9ff13615b9eb,.psd1,,,,,,
psSDP/Diag/global/dc_collectdpmdb.psd1,29220,b22894771addf7bddca372bb3914997e2289c8d2d5e80492386231c8ed4b96fb,.psd1,,,,,,
psSDP/Diag/global/dc_collectdpmdbremote.psd1,29168,9c2a5f8fa813d8abec531420ec911b819f04adc2019767c5f8bf711c55045744,.psd1,,,,,,
psSDP/Diag/global/dc_collectdpmlogs.psd1,29368,5e6279067d0a0c75f408ad1baaed8e2df7eb565ef733262a7a654bc3970ba5d5,.psd1,,,,,,
psSDP/Diag/global/dc_desc.psd1,28936,203ebfd0cdbca6a30460920e37f982c3f8c2997debd1c8b212c018c8bf7b04e4,.psd1,,,,,,
psSDP/Diag/global/dc_devcon.psd1,29232,3e6adcd6e9d575edb0c29022eadc9cdb5c6644f4d57ac2782fcbcce843fa75e3,.psd1,,,,,,
psSDP/Diag/global/dc_dfsrinfo.psd1,29014,a6f24dc26c226966256ca4ad206e61e028b6417a73ffdc08b2166bc0a661bbf5,.psd1,,,,,,
psSDP/Diag/global/dc_dfsrlogs.psd1,28958,3b2498b1b4e9a81506e73575ecdbdc5676112ef23e01c18cc50bad20a6db086f,.psd1,,,,,,
psSDP/Diag/global/dc_dirs.psd1,28886,4b89e53d4345bcf252a9bfd2b6edc441b6cdabc274841eda474ba33bfd1b2d9a,.psd1,,,,,,
psSDP/Diag/global/dc_disk_quota.psd1,28880,a5a31fb6eab513d217a3a6fe2c40b8c88a4d44593a35cfa01d49faa870017117,.psd1,,,,,,
psSDP/Diag/global/dc_dosdev.psd1,29206,2615cc121953a01da7c6409afa94293a0f4aeec845d3ceaf70260105e4165fa6,.psd1,,,,,,
psSDP/Diag/global/dc_dpmeventlogs.psd1,29010,5dc92b18433c1c1d12f0174bf39cad429e58d5244b5aba13fdd42bd558d5a1d1,.psd1,,,,,,
psSDP/Diag/global/dc_dsmisc.psd1,29234,0902076fed67ec6c45d90a8b26495c16e0197df91df6492dabdcb87b6dcd5b7d,.psd1,,,,,,
psSDP/Diag/global/dc_file_acls.psd1,28882,25bea33083d003fbffb9e7ad395bafbb2c7415e2e07812e4af292ef01406ba95,.psd1,,,,,,
psSDP/Diag/global/dc_fileversions.psd1,28896,3c541de5b911216124f763cbea06fdd62eb1fa0e45d645c4c6d4bb50a4acd697,.psd1,,,,,,
psSDP/Diag/global/dc_get.psd1,29002,17b6ada712100610532b06a7c93291b091ee348c09ab8af8254ad38b1b645b0e,.psd1,,,,,,
psSDP/Diag/global/dc_get_network.psd1,29292,68f2d414491ef6e829c1017ac0a61b54a9336c5847c6fdeee6eaeae391cd2aa5,.psd1,,,,,,
psSDP/Diag/global/dc_getdpminfo.psd1,29398,99b88d8e38f4347cc0921cfe8112de28629d3f932e8aabed7c71c093e48e4c9c,.psd1,,,,,,
psSDP/Diag/global/dc_getsysteminfo.psd1,29036,4b4c622d2e0c64e2817d5971d92488e6caf30d3fa38e7e6f42c3036cf9b4ade8,.psd1,,,,,,
psSDP/Diag/global/dc_handles.psd1,28960,eeafd64da616db50c867319974ee1906b5fc764766d82c7a464e0ae29f125b10,.psd1,,,,,,
psSDP/Diag/global/dc_hardware.psd1,28900,c6a052850d84dced8f967ad496ec1bd49aef026a886806764e8b0dc60c5343cd,.psd1,,,,,,
psSDP/Diag/global/dc_klist.psd1,29042,6e00665ec10ea40e3f489f91fde5981ae6c7d0e7eeda23b8e5bfa7b15c7ab9d7,.psd1,,,,,,
psSDP/Diag/global/dc_netdomfsmo.psd1,29032,1ca0be5f470bf76c9882ebbcbc4346f85efce389378a4022e817b1e7c15ba116,.psd1,,,,,,
psSDP/Diag/global/dc_netlogonlog.psd1,28968,2a75a6a57eb1f94bf04ad68a0a2185d2eabbc53262a7e1da8bd89a414429c0a2,.psd1,,,,,,
psSDP/Diag/global/dc_netsetuplog.psd1,28968,7607981240399aa379655ab75181f6e657060a498ece1d52e9192619434c34ee,.psd1,,,,,,
psSDP/Diag/global/dc_office_inventory.psd1,28896,9029d0ed8c30f96f4059423276a315adcb3b307ba2d06fd525a090db982a5588,.psd1,,,,,,
psSDP/Diag/global/dc_pstat.psd1,29092,4f6c11bea6f466e6c6a0144791f3a34cf772ec61c946f1984f1fb40505a22b1f,.psd1,,,,,,
psSDP/Diag/global/dc_query_registry.psd1,29004,68ff3ac67ddb441258640def6259c53c8b50638fec166b541e755d8a62692f41,.psd1,,,,,,
psSDP/Diag/global/dc_reg_acls.psd1,28882,3d68758ddabdd256fdfd758320f0446fad20452e54ea89f571e7e29c4c5d1576,.psd1,,,,,,
psSDP/Diag/global/dc_repadmin.psd1,28998,1455d8491d42d8943f7ed4ebcce075823e8cff27d226f875c20e71269b6e7cd7,.psd1,,,,,,
psSDP/Diag/global/dc_roiscan.psd1,29008,23fcc69e3779bcd5e3ce8221b1f67aad0cc353db01aa7c5aabddbb778cf56ebd,.psd1,,,,,,
psSDP/Diag/global/dc_securechannelinfo.psd1,29154,d7f97551e30fd05f8af896f1d6b417e602d0d279aae6351f4e97325344550232,.psd1,,,,,,
psSDP/Diag/global/dc_sql_registries.psd1,29304,fa657427cf7a10618a073488dfd8b6967be9cda7bc5356918facca4e810eab07,.psd1,,,,,,
psSDP/Diag/global/dc_summaryreliability.psd1,28994,4253a56c554a19d4e1aa31bdd60874fdd4b75fc5ece94ac9f2470a17829e24ec,.psd1,,,,,,
psSDP/Diag/global/dc_systemsecuritysettingsinf.psd1,29082,7206ae7d34da918a8f254a327e3538f2dd347658d660e8ef67731eb2327165b4,.psd1,,,,,,
psSDP/Diag/global/dc_userenvlogs.psd1,29014,d4b796b87413574af7fbca958c5adce3fc6282ac6ee6dbb5011230079275587f,.psd1,,,,,,
psSDP/Diag/global/dc_vssadmin.psd1,29168,b8d70fe2bfac029e1469411a2a9d00668aa0398897d4baf27d9c940182d5588d,.psd1,,,,,,
psSDP/Diag/global/dc_w32time.psd1,28966,8862614fa59a39c31c9e78c15d3483bee79183fbab22e2a96708930856c7c58a,.psd1,,,,,,
psSDP/Diag/global/dc_wgadiag.psd1,28934,488d684fcb28c491c4f240ea52be0d508514a8b6b66632530c08ac307cfa312d,.psd1,,,,,,
psSDP/Diag/global/dc_whoami.psd1,29082,998bbb567a35123a6777760117eeb14b318182be0c5445904bbf540ea25b41fc,.psd1,,,,,,
psSDP/Diag/global/dc_winlogonlog.psd1,28968,d1236c75929248bbbd517888631ed1caa1a1e3f6f859c5a9fd91798edc25121a,.psd1,,,,,,
psSDP/Diag/global/dc_wmisecuritycenter.psd1,29114,8071e40460538cb29195172226437f353425f7e01ce93432bcaea0dc92ac39ce,.psd1,,,,,,
psSDP/Diag/global/devcon.exe,36424,0519317f5700ed49b1c8ac3f98271ce44fada75f9ad03cf758261f59ceea8650,.exe,True,True,True,True,"CN=Microsoft Corporation,O=Microsoft Corporation,L=Redmond,ST=Washington,C=US","CN=Microsoft Code Signing PCA 2011,O=Microsoft Corporation,L=Redmond,ST=Washington,C=US"
psSDP/Diag/global/dosdev.exe,18464,927b23567d45d7693d594d99afafc9c1b61a2c96bbe3fe015c8d63c8810703fe,.exe,True,True,True,True,"CN=Microsoft Corporation,O=Microsoft Corporation,L=Redmond,ST=Washington,C=US","CN=Microsoft Code Signing PCA 2011,O=Microsoft Corporation,L=Redmond,ST=Washington,C=US"
psSDP/Diag/global/evparse_storage.xsl,37755,58de5a2f52c339e5a782b6f5ca9460cd8f60216331fff97a02143a0684e31799,.xsl,,,,,,
psSDP/Diag/global/findsqlinstalls.psd1,29064,87b34607fee937f6bb1969ca6a33f65c473b860b336c343ccdbe0ec6bbbf2d61,.psd1,,,,,,
psSDP/Diag/global/fltrfind.exe,63520,eceda16ddf2898e0197d7a2fa3baaad74c221697823e11b10262a6185abeacf9,.exe,True,True,True,True,"CN=Microsoft Corporation,O=Microsoft Corporation,L=Redmond,ST=Washington,C=US","CN=Microsoft Code Signing PCA 2011,O=Microsoft Corporation,L=Redmond,ST=Washington,C=US"
psSDP/Diag/global/getsqlsetuplogsfile.psd1,30058,2f67a05068c14a9bc8ca35dd152aef4c8584d2de28ef314280f3967cbaa16f16,.psd1,,,,,,
psSDP/Diag/global/memsnap.exe,29728,9705a0d92336df5b342c5d8305233d20d31e3e544b2d1606db2ee45efba3c769,.exe,True,True,True,True,"CN=Microsoft Corporation,O=Microsoft Corporation,L=Redmond,ST=Washington,C=US","CN=Microsoft Code Signing PCA 2011,O=Microsoft Corporation,L=Redmond,ST=Washington,C=US"
psSDP/Diag/global/nvspinfo_downlevel.js,40584,ddf82421cc2c7bb7fb4cce232947c878a92c70270e634c73acc7f4a33a4bbe97,.js,,,,,,
psSDP/Diag/global/nvspinfov2.js,39247,f98173558c39cab01c5516a4d60a1812fc5f3b994d8e4d6360d634449dfdaccc,.js,,,,,,
psSDP/Diag/global/officecommon.psd1,31190,4a085fd4b043797e7cea727e6074bbb327a1b41df6b5dd7666be68d5105f94de,.psd1,,,,,,
psSDP/Diag/global/results.xml,211,ae2a1d5c2f5b1a553a56c1b67648587347154dcb1d53075755e74f7695874e8c,.xml,,,,,,
psSDP/Diag/global/results_APPS.xml,222,4b4b268469599cbb945e1a19fc830e13b3b50f9c5a3c09af9dbaa390f42de356,.xml,,,,,,
psSDP/Diag/global/results_CRMbase.xml,243,2a7056b3d53cf528d2f58884fc3ac4eae3fa588150706bd023d2100b04cfc9d6,.xml,,,,,,
psSDP/Diag/global/results_CTS.xml,214,4211fd36790a188511607e2b05c3a083cada4d913084ee0e9c081fb75984be4f,.xml,,,,,,
psSDP/Diag/global/results_Cluster.xml,222,ae89df4b80f72e7bee1c25e82ede664afc6fae6bb6c9db256da8a34057c9bb11,.xml,,,,,,
psSDP/Diag/global/results_DA.xml,212,08538a2ac4b8ae57bd88b68feddb2b936774caedfafe5b4c7ad0875885524c07,.xml,,,,,,
psSDP/Diag/global/results_DOM.xml,226,c6455516b0a760a35bbe5cc026a682e49495a592d5807bae0875fba19e1507ff,.xml,,,,,,
psSDP/Diag/global/results_DPM.xml,214,97137b943fd8d945f13b358f0aa9649396f6ea8804df728f31d0e9ce035e8a47,.xml,,,,,,
psSDP/Diag/global/results_HYPERV.xml,220,42593c9ce7ac297302675f81c7950beda4f3304990fc66c42ac05624967ed454,.xml,,,,,,
psSDP/Diag/global/results_Mini.xml,215,d8fc781d1ae19a645de82bd1adfdf6ae4bcd8db8f5072f98715b731cc62d4bfc,.xml,,,,,,
psSDP/Diag/global/results_NET.xml,214,f7e85e60bb53d972749a97aabe4295a81e18081a97ad460002c213240cb14ab5,.xml,,,,,,
psSDP/Diag/global/results_Nano.xml,215,12395f7110e82c3062ab5cf173c22c84f3cffbdeb84382cf75de17e2d6e40a8e,.xml,,,,,,
psSDP/Diag/global/results_PRINT.xml,218,da22c3623da4dc4b71153adc199cfbcb64b2535839e00133bd8b0b7cd0db267f,.xml,,,,,,
psSDP/Diag/global/results_Perf.xml,216,bf9bd8287331e4f977bc9677534b06b7b0a613c7b694f62d4f6390b0c78bbc7b,.xml,,,,,,
psSDP/Diag/global/results_RDS.xml,214,9d5a98f53609d57e6a4f99e6dbec7bbae20d046d93215bae0e679515d3a19e42,.xml,,,,,,
psSDP/Diag/global/results_REMOTE.xml,220,ea2ea71aa3a370b1fa6dbbceaf2ed8ca1d2a10d2d6be19e4830a7f9e28cf88ab,.xml,,,,,,
psSDP/Diag/global/results_RFL.xml,214,dc73cc523bf44c713f0ae42b2efc0b11d7706f54f1a86fd9cf8addcb90bd6eb7,.xml,,,,,,
psSDP/Diag/global/results_Repro.xml,215,7531a9c0e7620283f6608ebb8b97483985ac4c78add74ff49e61e74e900059c6,.xml,,,,,,
psSDP/Diag/global/results_S2D.xml,238,6be1cd0ee2771e4c7eb94b0518a3021c835835a33cd936f0f456f3d6ae58c1a3,.xml,,,,,,
psSDP/Diag/global/results_SCCM.xml,221,737d031e5dbaac62e1a6684d7e678db097973491fe1e44d11e14e00cf0f425b1,.xml,,,,,,
psSDP/Diag/global/results_SETUP.xml,218,9c77686b8aa9ce699662fbbd97908a0eec9905cd64bf5abaa4cd797e8ef1005d,.xml,,,,,,
psSDP/Diag/global/results_SETUPreport.xml,229,49316eb0bf52191a398b0fe2f97530b77c558979dad8e767f243e32fee485409,.xml,,,,,,
psSDP/Diag/global/results_SQLbase.xml,224,a3f2759fb3faa685ab530442637865e7457693ae64f55447cb80405affbe668c,.xml,,,,,,
psSDP/Diag/global/results_SQLconn.xml,232,bd08c5f723cbb8a4ca1993b74bb92f09c7ff86d305a7048c3f31f2388fad8406,.xml,,,,,,
psSDP/Diag/global/results_SQLmsdtc.xml,226,26a0189bc0e7f176747b0f2345d2a99e41fdfee1cc7d6210adc307f462bd2873,.xml,,,,,,
psSDP/Diag/global/results_SQLsetup.xml,226,5af469e3d0d26d1d08a795434a7b7f967746aafb41221112d954b22507b2c3e4,.xml,,,,,,
psSDP/Diag/global/results_SUVP.xml,216,aa25018f020d969b97e9fb858d58238ec127150059990c58fc5352e97bd2140c,.xml,,,,,,
psSDP/Diag/global/results_VSS.xml,214,701c8420f513c8f9b0711689d4c067e3db81320fb5232c45b187b0e681fbd082,.xml,,,,,,
psSDP/Diag/global/rfl_Hotfix.csv,133268,1e13802348ac9195e880f486d4df051ffc9afda50e9700dbdfdf5d3bbdad32ad,.csv,,,,,,
psSDP/Diag/global/rs_remoteresolverprocessing.psd1,29066,bc142c3b3fe546c7e84b3ece0c6cfdf2b5b7538c5d6e88e06d1ae6373dcceb44,.psd1,,,,,,
psSDP/Diag/global/schannel.xml,12118,82819bb26539fd55251016ef80255c4fb385fd77af373bc652cf43965c5e7d3f,.xml,,,,,,
psSDP/Diag/global/sp_sqldiag09.sql,28600,1066d57a59ec751813d3ace6408658d53333a78a890d2f58272980aaff4aa415,.sql,,,,,,
psSDP/Diag/global/sp_sqldiag10.sql,36130,a27e9c22b42e2e5097b32d632e7e9ed42adf451c4a21f495bfc9d1701ad83504,.sql,,,,,,
psSDP/Diag/global/sp_sqldiag11.sql,37024,787bee561f06a2911b4ea2a279a4761af36b00b244cbd32414a90a3eae00f458,.sql,,,,,,
psSDP/Diag/global/sp_sqldiag12.sql,177019,365f8a22dac5a16024e321229b1b192158668f6c7bb3304eb57f024af46ed1c1,.sql,,,,,,
psSDP/Diag/global/sql_debug_registry.psd1,29158,4025b3fc66f5e860ed08741a11c848447d8a5ca6552ff62076ef56fde018777b,.psd1,,,,,,
psSDP/Diag/global/sql_get_AzureVM.psd1,29222,ef8faa4e9d693c6979095b749f842522ce592df13cec8332e05e03a04df2648a,.psd1,,,,,,
psSDP/Diag/global/sql_get_all_services.psd1,29170,16f34c38febac8fe2134b20a4df8d426d09f09449c9a75f5fe185776eb7b3dd3,.psd1,,,,,,
psSDP/Diag/global/sql_get_systeminfo.psd1,29260,3f351b5d425af4fa6249f4284545c96fffd881f4d0147e5ade2f010ef1978c9c,.psd1,,,,,,
psSDP/Diag/global/sql_os_perf_info.psd1,29448,6e95100ba41564a3cdb68d4a3727b12b8b851369c4dfce4b70714e3d2aa251cc,.psd1,,,,,,
psSDP/Diag/global/ts_main_SUVP.psd1,29240,d238c38322346b819bea51b3f7ea5a9abaf44fd5b04dee4dcc8459e26fb57b17,.psd1,,,,,,
psSDP/Diag/global/ts_offerkb.psd1,29202,f700893b8739ce458598240eeb261de71aa04f3f5afd75335f56ae2ca4de3012,.psd1,,,,,,
psSDP/Diag/global/ts_printinfo.psd1,29116,7a213fc23244654dfd496bb71a6443a18df6b7a36272ae38f8c032c24af7095a,.psd1,,,,,,
psSDP/Diag/global/utils_CRM.ps1,26400,57e59589da69710497cdb10026c964ac8e1d9202ec1b59f867ca926c931ad92b,.ps1,,,,,,
psSDP/Diag/global/utils_CRM.psd1,29562,b4640df131a7277eaf1dab13f951a97020c043e618f8c563cfa3525aca397b90,.psd1,,,,,,
psSDP/Diag/global/utils_CTS.ps1,174242,b08d52373b489e8f71e295769d5c70aa770e69ac8eea80030ada1f19e581661c,.ps1,,,,,,
psSDP/Diag/global/utils_CTS.psd1,30560,1873a6570cf02fac4c8d40f2f964688a9b45f0f6cd02ddfba1407c5df74d9a36,.psd1,,,,,,
psSDP/Diag/global/utils_ConfigMgr12.ps1,39314,ab1391a57e784447655b916040f9f0706d63e87da07c3d5d5be798afdac98add,.ps1,,,,,,
psSDP/Diag/global/utils_ConfigMgr12.psd1,29036,658b3b6895ec9950a977ebfe9825860f96b973fe2693d344dd1808578aad8966,.psd1,,,,,,
psSDP/Diag/global/utils_DSD.ps1,159918,0e96e5b4f8a405aefeeddce130b76bfadf68daf62ddcc8891dd5a24f58db07f4,.ps1,,,,,,
psSDP/Diag/global/utils_Exchange.ps1,16237,ad536abbca10886bd65bebddd96ea01c8d550ac832d91b329e67020aabb86838,.ps1,,,,,,
psSDP/Diag/global/utils_Exchange.psd1,28812,3abacc49272b6a4999e532778357b8806eb8d79ca582fd823587c68fc6c68413,.psd1,,,,,,
psSDP/Diag/global/utils_Exchange_all_ver.ps1,18524,d59a44ab09500ee6b36be2ef4f38a3cc9523b1d2472d6c13994c4c1570af2ab4,.ps1,,,,,,
psSDP/Diag/global/utils_Exchange_all_ver_woPSaccess.ps1,25933,e41ffa97c6d4d203996708ada1eb497053500149a205d46f5a06ae9acf4f5714,.ps1,,,,,,
psSDP/Diag/global/utils_MBS.ps1,58962,7916fe8826420a142223bf84a0c47b876436471fdf5bbce30b4e9dcf19990c76,.ps1,,,,,,
psSDP/Diag/global/utils_MBS.psd1,30146,ea2958173510725be242c9946c4c4089cea119c381f5de63f1893812cb74118d,.psd1,,,,,,
psSDP/Diag/global/utils_Remote.ps1,25583,2683706f563de4fb67385b525b693e3019a8d74128b69daa98ba684f65dfdaaa,.ps1,,,,,,
psSDP/Diag/global/utils_Shared.ps1,36839,da86226eaf5ce58a93d0360ce425bb5b554432ad4b8b526eac3f25fa580117e0,.ps1,,,,,,
psSDP/Diag/global/utils_Shared.psd1,28966,32239266e9997fdcf10d526d3b3e6fcfabf6644ae3958cfaf52df1cde375890d,.psd1,,,,,,
psSDP/Diag/global/utils_load20072010powershell.ps1,22692,0ae805e29c9e4a3dde1e7e4b6e012069e7718f70f230e31674f0d4d7382db70f,.ps1,,,,,,
psSDP/Diag/global/utils_loadex2013powershell.ps1,21887,1361fe6475aedb74773c25ce00c3d9004b73eb5628603d7d458ee0627be339d9,.ps1,,,,,,
psSDP/Diag/global/vshadow-x64.exe,352288,86dcc6a4cbaf653269b20ce25027136d67ab523d637f2b2499cd1fef3cc1079c,.exe,True,True,True,True,"CN=Microsoft Corporation,O=Microsoft Corporation,L=Redmond,ST=Washington,C=US","CN=Microsoft Code Signing PCA 2011,O=Microsoft Corporation,L=Redmond,ST=Washington,C=US"
psSDP/Diag/global/vshadow.exe,205856,7402ddabc9c716fbcc67c5031d54bacebdefc012487d379cc9b21006cf716bc7,.exe,True,True,True,True,"CN=Microsoft Corporation,O=Microsoft Corporation,L=Redmond,ST=Washington,C=US","CN=Microsoft Code Signing PCA 2011,O=Microsoft Corporation,L=Redmond,ST=Washington,C=US"
psSDP/Get-psSDP.ps1,73086,1b20daf907a704def5ef16113fae54950afcdf67d6bd3e4a6d1958bf6d2d2ac4,.ps1,,,,,,
psSDP/_psSDP_readme.txt,3892,0313f81257f3f4e888ad6f094c842e22f53ee9d142497eaa587e1edaa8a0b62a,.txt,,,,,,
psSDP/version_psSDP.dat,56,303e79b6899fc109a32bcf09d697c695c665249ffa51cec17134f0c1ad04a61e,.dat,,,,,,
scripts/ADDS.XML,48392,281b97fd48322570ee7da5a0e4c1453c82cfd183fde59d80c2d965c476067075,.xml,,,,,,
scripts/AD_save-LSP-GPSVC-Netlogon-logs/AD-retain-Logs.ps1,16156,b27ea2304945153e4c853c30104e65904a1f369bb7bc252cd7aaee23e029d233,.ps1,,,,,,
scripts/AlwaysOnDiagScript.sql,16398,cef23436782f04da0c44069a0cf737aa43582ceb2d92b87095a0fee59095e141,.sql,,,,,,
scripts/COM-Collect.ps1,60055,192211ebd169b558cd881e996014e5a1cd91daaaa042df2f91a90b02c958fd20,.ps1,,,,,,
scripts/CRUtil/CRU.ps1,93567,ea0b91d3ed0901184b15849e7db765832c2f7c305edbf2e91e204e9b2c2af838,.ps1,,,,,,
scripts/CRUtil/CRUtil.exe,91512,d00569e45234499520a16c4f744eff880588f020a5e5fcabe1919f54a13a7e2a,.exe,True,True,True,True,"CN=Microsoft Corporation,O=Microsoft Corporation,L=Redmond,ST=Washington,C=US","CN=Microsoft Code Signing PCA 2011,O=Microsoft Corporation,L=Redmond,ST=Washington,C=US"
scripts/CRUtil/CredRoamADUserCmdLet.dll,36776,aa353a900f774ee94dfb165f9d5a20a6a050ca779c14e5cdc749d398d9f9e74a,.dll,True,True,True,True,"CN=Microsoft Corporation,O=Microsoft Corporation,L=Redmond,ST=Washington,C=US","CN=Microsoft Code Signing PCA 2011,O=Microsoft Corporation,L=Redmond,ST=Washington,C=US"
scripts/CRUtil/CredRoamADUserCmdLetAMD64.dll,36264,b8448dcf7a9402ac5339d1218fbe9e41d70570976a98fd084ea94adae54c34c6,.dll,True,True,True,True,"CN=Microsoft Corporation,O=Microsoft Corporation,L=Redmond,ST=Washington,C=US","CN=Microsoft Code Signing PCA 2011,O=Microsoft Corporation,L=Redmond,ST=Washington,C=US"
scripts/CRUtil/CredRoamLVRCmdLet.dll,42920,ea41495cbad4736856a0de723f8b491141a389173e8f6e9140a230c7b6b5f687,.dll,True,True,True,True,"CN=Microsoft Corporation,O=Microsoft Corporation,L=Redmond,ST=Washington,C=US","CN=Microsoft Code Signing PCA 2011,O=Microsoft Corporation,L=Redmond,ST=Washington,C=US"
scripts/CRUtil/CredRoamLVRCmdLetAMD64.dll,41896,21ae14200e24f37bcdd63376624aa765babbee12f979962f4166a1d9a57c4d08,.dll,True,True,True,True,"CN=Microsoft Corporation,O=Microsoft Corporation,L=Redmond,ST=Washington,C=US","CN=Microsoft Code Signing PCA 2011,O=Microsoft Corporation,L=Redmond,ST=Washington,C=US"
scripts/CRUtil/CredRoamLocalUserData.dll,21416,60210cbade33d818461db2561368c6ba92ce078e99b058c6192912a668d5f664,.dll,True,True,True,True,"CN=Microsoft Corporation,O=Microsoft Corporation,L=Redmond,ST=Washington,C=US","CN=Microsoft Code Signing PCA 2011,O=Microsoft Corporation,L=Redmond,ST=Washington,C=US"
scripts/CRUtil/Credential_Roaming_Script_Usage.txt,2594,08e3db255bd02e18569883acca8444cc5f319cabbe8cd58e36c4660ac56a52f8,.txt,,,,,,
scripts/CRUtil/cru_snapins_Install_Instructions.txt,4766,34e5d84f763415bbbf7fa0ad82a375d19e87bd8b35325ec3c0bca160c33ca71d,.txt,,,,,,
scripts/CRUtil/get_complete_user_credroam_data.ps1,16038,67f80c03133fcc2927a7d6efd298e92f140d47b1eba662ad6b133dd8ec956760,.ps1,,,,,,
scripts/CRUtil/get_user_credroam_ad_data.ps1,15595,1bbc76fb26efa0c8695230b66875a641e1395a009a6376429fecc8b3dded812a,.ps1,,,,,,
scripts/CRUtil/install_cru.ps1,14906,cf60fbe6d3637c1dcbc161852de54d999e7afe54b0e7635e84e57149feee8455,.ps1,,,,,,
scripts/Collect-Commons.psm1,56423,584283e97298bd6dacd2542a19071a7fc418c7f5f2c12e42a4a618bbe9a8677c,.psm1,,,,,,
scripts/DSC-Collect.ps1,30596,4995801cf08140da877887de10bd1e3828fcae1374e4ce4b58336038de0dad05,.ps1,,,,,,
scripts/DefTools/DLPDiagnose.ps1,99920,e3ec106d0125b92677299e5a8a314ff66b8f4010874399512027bba61ff9b6f6,.ps1,,,,,,
scripts/DefTools/EPPversions.xml,404,bc472b5839f1543967b0e38f7342f3f81e2c9c4c5f48b826252c00f043a535ab,.xml,,,,,,
scripts/DefTools/EULA.ps1,28482,4ef52bdeff1a501130d1140d069bb9320eacd0294303ad4c28de74dbf6ee8484,.ps1,,,,,,
scripts/DefTools/Events.json,39311,aad1be484939a22cfaea8d332024e5d68cb0442a0cbcef5d2ab9960c1821d2d9,.json,,,,,,
scripts/DefTools/MDE.psm1,18664,facc8057ebf28632bed43b378a603d72943dac5708fdcdf7c78c116c8e0b61ee,.psm1,,,,,,
scripts/DefTools/MDEHelper.psd1,36662,adf7b21d29d1aea27e4bf7deeed3e0d447ca9bca734e6232dabac52e6d83fac6,.psd1,,,,,,
scripts/DefTools/MDELiveAnalyzer.ps1,20381,549d242638eb66dbf03c8183fd4177f1dc1c7c1a7f1253f728c0bb4431dc6b50,.ps1,,,,,,
scripts/DefTools/MDELiveAnalyzerAV.ps1,20384,fb41cef646141ed15c6c0b74967d4699db3da6f6f8f4926b80183351c1d92ecf,.ps1,,,,,,
scripts/DefTools/MDELiveAnalyzerAppCompat.ps1,20367,2e5d453e695ec11c8c2dc7a6d22e4cfc7224aaef97f4ca11426a8134e9d0498a,.ps1,,,,,,
scripts/DefTools/MDELiveAnalyzerNet.ps1,20375,9de6afe571615020910df75463c2430ebc7f7187a87666dd45d10b5013492237,.ps1,,,,,,
scripts/DefTools/MDELiveAnalyzerPerf.ps1,20385,9328ede962bfd69887fde016074345ea76d8289847d24982c0f2deb5202ce67b,.ps1,,,,,,
scripts/DefTools/MDEReport.xslt,13034,7f801b73c2e0d1a43ef9915328881a85d1ee7addbc31273ccd72d1c81cb2b258,.xslt,,,,,,
scripts/DefTools/MsPublicRootCA.cer,1521,847df6a78497943f27fc72eb93f9a637320a02b561d0a91b09e87a7807ed7c61,.cer,,,,,,
scripts/DefTools/PerfCounterW10.xml,5418,2b882f26cb15b429ffc6e7cc3475bde7514a709779d28bdaea981b4ceafa4c38,.xml,,,,,,
scripts/DefTools/RegionsURLs.json,7008,31cc06f8f0245ac341cb1613636c57a2b32e023c8fc3d5d43ca0260efb3b8388,.json,,,,,,
scripts/DefTools/SenseW10.wprp,3808,3e6f5a6bad876f49b1efb7e00b0861d69f80d1b6a03f57d5fcaab9a835381439,.wprp,,,,,,
scripts/DefTools/SenseW7.wprp,2022,0408029959e0a36d5cc849c2afbab0f47b43ae148eae1436eed01f174d9df008,.wprp,,,,,,
scripts/DefTools/WD.wprp,25157,7431e18f5465f18a60dec261e906a540e5ccb24f8edff29929da801e6110f0b2,.wprp,,,,,,
scripts/DefTools/endpoints.txt,903,42ca72eac7c547ea466d630ae1a016bbc2f69cbbf6fc21ecc55166f6c8a416bb,.txt,,,,,,
scripts/DefTools/perfCounterW7.xml,5188,f457e9a72adc2e7b9a20e23b0ad14c23814178c044b9e679b57a2e3f9f495a95,.xml,,,,,,
scripts/DefTools/winatp.cer,2042,a28b75f2cd00d0f815842f9c3de4d6cabfb40847d8909e8aaec79ab6c8b622ce,.cer,,,,,,
scripts/DfsrInfo.ps1,323578,ee04dfaa11ce86bc0576acc6f58b3a18486d15bf4d5f47fa60811bf922129d07,.ps1,,,,,,
scripts/Evt-Collect.ps1,25444,dfcb2665b18eb9b01eb11fa71c09042682782812510f4af01f04a82be3d72d34,.ps1,,,,,,
scripts/Get-NetView.psd1,4430,5d4d7fbcb992acc88e92cc3dccff50823062c49d9cf57a6346cce05eac615a46,.psd1,,,,,,
scripts/Get-NetView.psm1,139226,b24ede2ffc389fba31bbab6af3f9839e25bbe58613877a41594a4b8043b92f12,.psm1,,,,,,
scripts/GetEvents24.VBS,161742,02aa1d5fc5ac51f9969819cb54067fe2e8c3b65a795d946d5742f55d412cd332,.vbs,,,,,,
scripts/GetRemoteToken/GetRemoteToken.ps1,12360,87bd05f6d6a9570ba2e25f8e8227e394ead64a22266f82031b6e43c933f41373,.ps1,,,,,,
scripts/GetRemoteToken/GetRemoteToken_readme.txt,2772,2651b977c35a29ffaa7fe16f7cd4dc513a5b5aa9af9a6b8101d474961284f30d,.txt,,,,,,
scripts/GetSmsLogs.psm1,30906,ed4e0f0ce59ac705bd4ad32dd37d1b0f46746fa73a85535eed0658e11ddc0f26,.psm1,,,,,,
scripts/KipG-Scripts/ADReplConvergence.PS1,24300,6cfde768bda7f3c6faf9823c5fa78f91d23618e2f98d6c45641689bf9de655a2,.ps1,,,,,,
scripts/KipG-Scripts/GetMissingSubnets.ps1,23952,1329d8ba8bc5466c3675e4df7b9e036b5c0af83494fd515ddfdc35324607118c,.ps1,,,,,,
scripts/KipG-Scripts/ShowBackup.PS1,21596,295c8db49c95cb48c2cea4173d7a9e420d2e82d7e5ea69e576c6e6e961dc0fdf,.ps1,,,,,,
scripts/KipG-Scripts/SysvolReplConvergence.PS1,22747,f5e27262be8339af0f8a43dff195bbeb4fee63f285fe78ec6aa1c75aac23ace6,.ps1,,,,,,
scripts/KrbTGT-Golden/GoldenTicketCheck.ps1,50632,4090391adebd3a89c77c3c0e02faf8bb7cd051b77c42bb5b14a38a086d732e6e,.ps1,,,,,,
scripts/MSRD-Collect/Docs/MSRDCollect.EULA.txt,7417,97a2699cc4a2cf48df420723d80eb2cf2916509c77f8a4091916b1820b06d1c8,.txt,,,,,,
scripts/MSRD-Collect/Docs/MSRDCollect.FAQ.txt,9811,7fea430c5623e51bb606e22a4eb76678b76725b58394327cd3802ea742e3f35c,.txt,,,,,,
scripts/MSRD-Collect/Docs/MSRDCollect.KnownIssues.txt,14453,f3e6209e05e2ed57aa4915ab9a7387c0823f0f2f9187504a0ebd5b58d3c8cf94,.txt,,,,,,
scripts/MSRD-Collect/Docs/MSRDCollect.ReadMe.txt,4044,40fb2cc00c6e71423c6a07c5e72fde5ee6d18adeccaf5fb3fe698b3b9310877c,.txt,,,,,,
scripts/MSRD-Collect/Docs/MSRDCollect.ReleaseNotes.txt,80951,edf46b142c61a6b8046ef6e9d37039dcf21c67313f70ef5ac1866a21576e34af,.txt,,,,,,
scripts/MSRD-Collect/Docs/ReadMe/MSRDCollect.ReadMe.010-About.txt,3277,6f5928c699bb3b83a7d4977fd8f17d75fb4b9a8739a51e1de0d8f86dac89821c,.txt,,,,,,
scripts/MSRD-Collect/Docs/ReadMe/MSRDCollect.ReadMe.020-Usage.txt,5293,78e1c53cc67ec0e3e8574b104b5779307b9169ee10b36946e534ebb4dba86e06,.txt,,,,,,
scripts/MSRD-Collect/Docs/ReadMe/MSRDCollect.ReadMe.030-CommandLineParameters.txt,8544,3dde8102e05f1588cb6ebe72c66403433e191363764ab2d87f64693fc3ef8415,.txt,,,,,,
scripts/MSRD-Collect/Docs/ReadMe/MSRDCollect.ReadMe.040-GUIMode.txt,6543,09a073ef9272e1eac7f94173413b17a0011a92a1676b53ca398449a9d74d0565,.txt,,,,,,
scripts/MSRD-Collect/Docs/ReadMe/MSRDCollect.ReadMe.045-KeyboardInputTester.txt,2550,e2da3e417cc26c68097a0c088df076502293dc4ad7dd23aff2287ab93d704514,.txt,,,,,,
scripts/MSRD-Collect/Docs/ReadMe/MSRDCollect.ReadMe.046-LatencyChecker.txt,2523,624d6b0212ab3dd910dbddad9470734ce456dc0c1052406e11563cd1fa21469a,.txt,,,,,,
scripts/MSRD-Collect/Docs/ReadMe/MSRDCollect.ReadMe.050-RemoteMode.txt,3932,2c293305ea9b35c8819afd7ea1d2e186b2de14533c3385c0fa96810f8cfaed3b,.txt,,,,,,
scripts/MSRD-Collect/Docs/ReadMe/MSRDCollect.ReadMe.060-UserContext.txt,1870,da32dfac0716f2eaacbfa38f7c896420478de79b9386be16530dcaef94f83dcc,.txt,,,,,,
scripts/MSRD-Collect/Docs/ReadMe/MSRDCollect.ReadMe.070-Templates.txt,1951,af3f064fbd66356afd72b971b9d5ffca7e4fb29091b2482e0139c0035d95f9e7,.txt,,,,,,
scripts/MSRD-Collect/Docs/ReadMe/MSRDCollect.ReadMe.080-DataCollected.txt,29883,d211d5dec604fc88bdfa1ba85ee067495f4b66e1ac4e6660351900f4f46bac78,.txt,,,,,,
scripts/MSRD-Collect/Docs/ReadMe/MSRDCollect.ReadMe.090-DiagnosticsReport.txt,6976,e335bbd91179023288d7ff870335bdcd88740856af3a89412b94919df0494ffb,.txt,,,,,,
scripts/MSRD-Collect/Docs/ReadMe/MSRDCollect.ReadMe.100-ConnectionsReport.txt,1386,5401f43f66d066f270cb8b2939921d2327c8b87b495ae8e4e21bff911333a88a,.txt,,,,,,
scripts/MSRD-Collect/Docs/ReadMe/MSRDCollect.ReadMe.110-TrendsReport.txt,5788,eeb720998366b06a9ba61682ccc93cf81d7b8137e2f96d036e65d36afa66ee50,.txt,,,,,,
scripts/MSRD-Collect/Docs/ReadMe/MSRDCollect.ReadMe.120-AzureEndpointChecks.txt,2025,d55701d2dc1eb84cefb71c458ccffd3fe5f68c914a88cbfb64afd4b65b93fce2,.txt,,,,,,
scripts/MSRD-Collect/Docs/ReadMe/MSRDCollect.ReadMe.130-ScheduledTasks.txt,1837,0d9dfa99256f8f4813d5b699f78fff82a3d0f0fbad5867d4d1b4032f04043d86,.txt,,,,,,
scripts/MSRD-Collect/Docs/ReadMe/MSRDCollect.ReadMe.140-Troubleshooting.txt,2374,257c4950b6b36ed50bba670a79dd3954d8f10af3297d59a7cd281d3301f4783b,.txt,,,,,,
scripts/MSRD-Collect/Docs/ReadMe/MSRDCollect.ReadMe.150-Development.txt,537,03f6b56c79f75aaf68364fd7b2bc805f849263390cb7aca93f5bf62ae5b3d9f5,.txt,,,,,,
scripts/MSRD-Collect/Docs/ReadMe/MSRDCollect.ReadMe.160-Feedback.txt,691,b61da9de1c4460c5f442f6cc9284c2ad4df00368de724617e3a9a163f66df084,.txt,,,,,,
scripts/MSRD-Collect/MSRD-Collect.ps1,136764,e26371722d2b19f70543a0f12b1361f14f686bd9b2f3d9f0ad0f279d6afce519,.ps1,,,,,,
scripts/MSRD-Collect/MSRDCollect.Config.json,650,dc8b50744e4305b757f9c87fdafb8ec4514f487df7b5b0d9546efb1ea6f44849,.json,,,,,,
scripts/MSRD-Collect/Modules/Framework/GUI/MSRDCollect.Accessibility.psm1,19910,a706ad27b3a5ddfa75d09ec5688b8126fe69966c05b17e01c9d396181e7774c2,.psm1,,,,,,
scripts/MSRD-Collect/Modules/Framework/GUI/MSRDCollect.DocViewer.psm1,71300,f1f1541dfa60572106dc2a40883b102b1b1233f4de6f6dfcce98939639340657,.psm1,,,,,,
scripts/MSRD-Collect/Modules/Framework/GUI/MSRDCollect.GUI.psm1,144681,346cac0c5fbdb35ca71422b06fd4ed88a00763a945827c819b6d89c9a7a9a2e9,.psm1,,,,,,
scripts/MSRD-Collect/Modules/Framework/GUI/MSRDCollect.Helpers.psm1,80766,5e5598219bd3e9f3d00a3411f2d5bb99e3908b8b62a885d3a1f0e9aba01ecf45,.psm1,,,,,,
scripts/MSRD-Collect/Modules/Framework/GUI/MSRDCollect.LiveDiag.Renderer.psm1,113479,264e9b9b26b59a1230e3ca7cc8d0215637e00b0c7d3ea267e83424913feac32f,.psm1,,,,,,
scripts/MSRD-Collect/Modules/Framework/GUI/MSRDCollect.LiveDiagnostics.psm1,91957,d9190d4917a14f9a9f913271b0a3847bba18d46ec84609cc7bc40081726918f0,.psm1,,,,,,
scripts/MSRD-Collect/Modules/Framework/GUI/MSRDCollect.Menu.Actions.psm1,94926,b5055a87dd9d0cde694b1d2ab802fce87292d0cc82eabf62f97cf05bfcfba6fd,.psm1,,,,,,
scripts/MSRD-Collect/Modules/Framework/GUI/MSRDCollect.Menu.File.psm1,117928,6f1d1765a904c554aefc7792f06fee35464461bd3d4a948751ec82f2180c5dbb,.psm1,,,,,,
scripts/MSRD-Collect/Modules/Framework/GUI/MSRDCollect.Menu.Help.psm1,30667,9bcd767ec64acf2eb3e0b26c6fff8df3fae3fd571c3f8ffcf804f5ee2327aa6d,.psm1,,,,,,
scripts/MSRD-Collect/Modules/Framework/GUI/MSRDCollect.Menu.View.psm1,20651,c9bfdd794581ad20fa40b9f673a562ea0161aa76ccea0e3903f6bb7216eb1dc8,.psm1,,,,,,
scripts/MSRD-Collect/Modules/Framework/GUI/MSRDCollect.Menu.psm1,60108,354081be207b8006f3c5ba1b8eec9e01e47ec712db983e8d434e2cb736e9c1cd,.psm1,,,,,,
scripts/MSRD-Collect/Modules/Framework/GUI/MSRDCollect.ProcDump.psm1,23898,2a6e8c971c4ba6d9248d48323baa2479529864973c847c6e57008c7ff2b940c8,.psm1,,,,,,
scripts/MSRD-Collect/Modules/Framework/GUI/MSRDCollect.Remote.psm1,26564,b43f939e0a53a18f92a6f49b54088fb53a05323a190ef0f16c87fcb77e48ef88,.psm1,,,,,,
scripts/MSRD-Collect/Modules/Framework/GUI/MSRDCollect.Ribbon.psm1,48126,f2459f6a0dc972da49b819a6da83f4c35ddcefa881bce924180ff4a543aff174,.psm1,,,,,,
scripts/MSRD-Collect/Modules/Framework/GUI/MSRDCollect.Templates.psm1,20562,e37b247798a5f5892535c39a37841a8b3d94635c48fd22923182a47afad166ff,.psm1,,,,,,
scripts/MSRD-Collect/Modules/Framework/GUI/MSRDCollect.Wizard.Layout.psm1,30859,7e04bf2df417afef7fefdfdc78c71f650ee1acc0943a3bfca4c62a3818ef9a7a,.psm1,,,,,,
scripts/MSRD-Collect/Modules/Framework/GUI/MSRDCollect.Wizard.psm1,155982,aa435c7014a6d0c43f590fe95d2750fa28989dc5e4a81aed912ad7acd10477cd,.psm1,,,,,,
scripts/MSRD-Collect/Modules/Framework/MSRDCollect.Bootstrap.Eula.psm1,51738,676cb52e3a6d60613b4dbdd4766b882058be2b0886b362b220b4c44802c9ca30,.psm1,,,,,,
scripts/MSRD-Collect/Modules/Framework/MSRDCollect.Bootstrap.Signing.psm1,40305,bba3ecc7b45c4512fdb1278918391243c92b05d393ba46f03cb674de3a74bb0c,.psm1,,,,,,
scripts/MSRD-Collect/Modules/Framework/MSRDCollect.Bootstrap.Tools.psm1,19461,d09823571dbad34d91483d6e24b0fe5f042f64f666ab66cd4be65918eabfdc2d,.psm1,,,,,,
scripts/MSRD-Collect/Modules/Framework/MSRDCollect.CatalogEngine.psm1,104270,63d4845a212fe3b4a705eaa4e4cdd2b55a0e7a418a8634fbb91b36a4bb49f3b8,.psm1,,,,,,
scripts/MSRD-Collect/Modules/Framework/MSRDCollect.Common.psm1,75083,9d9814785d9c48ac9e81f2d0bdd1190e32915a0172ebf06ff65df911e36c583d,.psm1,,,,,,
scripts/MSRD-Collect/Modules/Framework/MSRDCollect.Config.psm1,31820,25e378ed013987737550495e0921132758a226166ee720cc6179cc430bebaaca,.psm1,,,,,,
scripts/MSRD-Collect/Modules/Framework/MSRDCollect.DataCollection.Utilities.psm1,234836,05e05605d7f95e3ddee5b73920bdede31d09f8bea994de1115f901881e5e1f14,.psm1,,,,,,
scripts/MSRD-Collect/Modules/Framework/MSRDCollect.DataCollection.psm1,123840,877662dc9937ed9e59dec597a8c9d1be84a5f50486d1bd1d8e93d8b3fcfbe76f,.psm1,,,,,,
scripts/MSRD-Collect/Modules/Framework/MSRDCollect.DiagEngine.psm1,34889,fa07fedadc0f8af52d7167dc050be881d48cfae3b32baa59ee0a1ab6128290a0,.psm1,,,,,,
scripts/MSRD-Collect/Modules/Framework/MSRDCollect.Html.Assets.Css.psm1,75169,769d0477ebb1e41a045952dbf452f7c8ce9804f80e352e28663be6dd405d1508,.psm1,,,,,,
scripts/MSRD-Collect/Modules/Framework/MSRDCollect.Html.Assets.Js.psm1,144671,31f57fd7c415c13b0ecf89265872c8b7cd2e5f0d8b53c919acdd050bba48b0a2,.psm1,,,,,,
scripts/MSRD-Collect/Modules/Framework/MSRDCollect.Html.Assets.Templates.psm1,26298,3c38b866613b67deb2972efd0bd842d264e94eab74cf7a546632079e54e0ebda,.psm1,,,,,,
scripts/MSRD-Collect/Modules/Framework/MSRDCollect.Html.Assets.psm1,16130,3fcab581a936df5ddeeaa1b8582753363c0aebdd5458c17467f3ba53cb468141,.psm1,,,,,,
scripts/MSRD-Collect/Modules/Framework/MSRDCollect.Html.psm1,100722,8b38c1290fdcb874e401c24a2cc3db17d70105cab551ef3f5cedb6010161496d,.psm1,,,,,,
scripts/MSRD-Collect/Modules/Framework/MSRDCollect.Localization.psm1,23961,00ac913e1b3e9aef702602a197f3c6e895ca37fe749d4eb93eb464a148a00de4,.psm1,,,,,,
scripts/MSRD-Collect/Modules/Framework/MSRDCollect.Logging.psm1,146511,48bbf42adfeeb134b7a3b08606b7ed34bc114b8088bb8bc6e6ecddd62e4b6432,.psm1,,,,,,
scripts/MSRD-Collect/Modules/Framework/MSRDCollect.NetTestHelpers.psm1,20404,a3c00cf6f1ca74eb8e272ae664b8e7755257d675e567a256ce677e798ae88eab,.psm1,,,,,,
scripts/MSRD-Collect/Modules/Framework/MSRDCollect.ScriptUpdate.psm1,52058,658b7b9d141b96d0589a4730da126a4e18264777470f6a284601d0df3e32ae43,.psm1,,,,,,
scripts/MSRD-Collect/Modules/Framework/MSRDCollect.Trends.psm1,121250,61e0edf369cebae976f65b9b110fa75f9e58f5ed738e317e0840dc6cd900baad,.psm1,,,,,,
scripts/MSRD-Collect/Modules/Framework/MSRDCollect.Win11Azure.psm1,49490,0da181c82b7ad07b4f919188f35720205d2e02a18853efd15ef988d6d9b959d4,.psm1,,,,,,
scripts/MSRD-Collect/Modules/Framework/Tools/MSRDCollect.KeyboardInputTester.psm1,41389,6c7a17298ddc7c53bace908180adb4655f505d8413c767f0a9d3fb8f6e129388,.psm1,,,,,,
scripts/MSRD-Collect/Modules/Framework/Tools/MSRDCollect.LatencyChecker.psm1,198932,a52a84d2320a01537d3462c680723cf7bf39e16db29e9f387dcaf423bfab9ae2,.psm1,,,,,,
scripts/MSRD-Collect/Modules/Scenarios/Diagnostics/MSRDCollect.Diag.Identity.Catalog.psd1,34407,70cf1dda69444a2b1ce31448a9b3bd07d175e195ef6c5c693e2667f486667b73,.psd1,,,,,,
scripts/MSRD-Collect/Modules/Scenarios/Diagnostics/MSRDCollect.Diag.Identity.psm1,47599,c7aaae78f89142d6edc4b6701b66dad3a4d81843a7ad03694baedaccbfbbf1fd,.psm1,,,,,,
scripts/MSRD-Collect/Modules/Scenarios/Diagnostics/MSRDCollect.Diag.KnownIssues.Catalog.psd1,49776,f65dca0577700a979d834a4ffd8c7381ef0312a3c930aa8b1afa90668adf4be5,.psd1,,,,,,
scripts/MSRD-Collect/Modules/Scenarios/Diagnostics/MSRDCollect.Diag.KnownIssues.psm1,64419,8ba1adbc9cc900f8e87720f9c1d680ce4babe9eb5533070bd58499da57bdd41e,.psm1,,,,,,
scripts/MSRD-Collect/Modules/Scenarios/Diagnostics/MSRDCollect.Diag.Networking.Catalog.psd1,28964,8219c7bc5a9174e9788d8dfa9b44ad73813b019a064d7bd51770088b8b4eaf39,.psd1,,,,,,
scripts/MSRD-Collect/Modules/Scenarios/Diagnostics/MSRDCollect.Diag.Networking.psm1,62571,a9ffd9ce81b830924898eb727e682f1608202c0d7024f186bafbb6043668ded6,.psm1,,,,,,
scripts/MSRD-Collect/Modules/Scenarios/Diagnostics/MSRDCollect.Diag.Other.Catalog.psd1,48522,e7792df37fbe3ec99ceda8e10e142f3e16c5c722136d40ea5b06f8378008775e,.psd1,,,,,,
scripts/MSRD-Collect/Modules/Scenarios/Diagnostics/MSRDCollect.Diag.Other.psm1,46062,23c5d31f1194920f2332f7e3499fdd860ed24b11cc82b19634e4de3006b8f3bc,.psm1,,,,,,
scripts/MSRD-Collect/Modules/Scenarios/Diagnostics/MSRDCollect.Diag.RDConnections.psm1,102273,4cc08042a82167aa118bf3b510a0ae2bbda0dd5b64f160fd7fc3001d70cc0ad8,.psm1,,,,,,
scripts/MSRD-Collect/Modules/Scenarios/Diagnostics/MSRDCollect.Diag.RDInfra.Catalog.psd1,17190,1c004ff7fb39185d884325b71d08e1d57c3bcbd8154a46b0e71582a9e4eeacd9,.psd1,,,,,,
scripts/MSRD-Collect/Modules/Scenarios/Diagnostics/MSRDCollect.Diag.RDInfra.psm1,148256,cdce1626c31f83b51a4d1b1b6d89b33009357649e882a9df675a8cce845ac80d,.psm1,,,,,,
scripts/MSRD-Collect/Modules/Scenarios/Diagnostics/MSRDCollect.Diag.RDP.Catalog.psd1,96244,dfdf3cf1397632d1c7f497b4d243b22c82c2a4eedbf44aa10c14c3ffb7074025,.psd1,,,,,,
scripts/MSRD-Collect/Modules/Scenarios/Diagnostics/MSRDCollect.Diag.RDP.psm1,175132,64eeec6626ef7c96381cc9098e6f064ae0f3b0ed2a73eb56968a7460942ed231,.psm1,,,,,,
scripts/MSRD-Collect/Modules/Scenarios/Diagnostics/MSRDCollect.Diag.Security.Catalog.psd1,45473,1b8af9e980cce636f2e99df01b56910338c5d8a41b32574f6b045432c25612d6,.psd1,,,,,,
scripts/MSRD-Collect/Modules/Scenarios/Diagnostics/MSRDCollect.Diag.Security.psm1,42750,fe6c0645f63dfe6f39248498c5ed2fabbc271ccf6b6aa2b092a12dc5d378a8bd,.psm1,,,,,,
scripts/MSRD-Collect/Modules/Scenarios/Diagnostics/MSRDCollect.Diag.System.Catalog.psd1,22081,93d6b2fb69b6264f5a788700849d0417fa047666e2950eb16cae5a7a1a6c3528,.psd1,,,,,,
scripts/MSRD-Collect/Modules/Scenarios/Diagnostics/MSRDCollect.Diag.System.psm1,183381,03ac14fb696e44539b3a9bcbf7e28026c6fa7a396c4254751fed7c0bedecab48,.psm1,,,,,,
scripts/MSRD-Collect/Modules/Scenarios/Diagnostics/MSRDCollect.Diagnostics.psm1,37453,03a2846bd28fce1cbe442c098a44c030a1ed3da3ea81631974ac68a8723baa41,.psm1,,,,,,
scripts/MSRD-Collect/Modules/Scenarios/MSRDCollect.Activation.Catalog.psd1,18239,8ead4c1bb54260961e529ee5fa5e077eefa06f87f0e37ade875706aa61d893c4,.psd1,,,,,,
scripts/MSRD-Collect/Modules/Scenarios/MSRDCollect.Activation.psm1,17217,6ded43fa83ad5891a1eb535bb21411dc1333bfca4a186ab7fe2af9ef5cdb3605,.psm1,,,,,,
scripts/MSRD-Collect/Modules/Scenarios/MSRDCollect.AppAttach.Catalog.psd1,17687,4a062978b5a8ab82171db486d8f6a4c1e0662d9e5f74f5c9e8cc6f62308425b5,.psd1,,,,,,
scripts/MSRD-Collect/Modules/Scenarios/MSRDCollect.AppAttach.psm1,17019,156d2e1b88c12bc388a6410390fd33020d33b9e54987802f077e07f2c6b6900b,.psm1,,,,,,
scripts/MSRD-Collect/Modules/Scenarios/MSRDCollect.AzureLocal.Catalog.psd1,18155,5f56f96013fca7a6d6e43082c740bc074b4ec1f78150d7c4057edb495f441d9a,.psd1,,,,,,
scripts/MSRD-Collect/Modules/Scenarios/MSRDCollect.AzureLocal.psm1,17292,572a73347b3886ee3aa74c552de82630e3d26de63f21ccd569c5bd3588d57935,.psm1,,,,,,
scripts/MSRD-Collect/Modules/Scenarios/MSRDCollect.Core.Catalog.psd1,99771,16dc2116c5e01f1039bb3fce1cfcde6e4a80bcb54707c654f45cf55d0a28557d,.psd1,,,,,,
scripts/MSRD-Collect/Modules/Scenarios/MSRDCollect.Core.ProcDump.psm1,17312,35dbb5043f8e110ea8a2196b78084b0d1d6aee1caadbdb1c068addfe5e08044a,.psm1,,,,,,
scripts/MSRD-Collect/Modules/Scenarios/MSRDCollect.Core.WindowsUpdate.psd1,61996,3b8f1ede48c9c45f0218ca6f0824404bf0b813c2adac4daad2ac342a50f0a1d0,.psd1,,,,,,
scripts/MSRD-Collect/Modules/Scenarios/MSRDCollect.Core.WindowsUpdate.psm1,57902,69880e1a10521003951901d8ad4b830b8cbe0d0c3fee3599c269a4ee0dd22256,.psm1,,,,,,
scripts/MSRD-Collect/Modules/Scenarios/MSRDCollect.Core.psm1,107595,f20fcafa98092ccf6233e32bb12ceb99bde29f1f5e59fc652aac118963211fb1,.psm1,,,,,,
scripts/MSRD-Collect/Modules/Scenarios/MSRDCollect.IME.Catalog.psd1,20994,56e1ffcf51a8bab5cb9cbd6247b6d6d0c78718aac3270f081c89de43b0f145bc,.psd1,,,,,,
scripts/MSRD-Collect/Modules/Scenarios/MSRDCollect.IME.psm1,16680,967dc2dac3384343093ee3b6e06f1e7feb47372252cf3efb61d13576bd3fb4e1,.psm1,,,,,,
scripts/MSRD-Collect/Modules/Scenarios/MSRDCollect.Profiles.Catalog.psd1,25605,5d0c4151528a49cc342e85d6c8901161043fc74652f06390e790bea8c6f0342b,.psd1,,,,,,
scripts/MSRD-Collect/Modules/Scenarios/MSRDCollect.Profiles.psm1,30674,4527d6397bb5a8f09051d1872dbd65dda74ce3cdc08fb9547ee86b6307676367,.psm1,,,,,,
scripts/MSRD-Collect/Modules/Scenarios/MSRDCollect.RemoteAssist.Catalog.psd1,22428,4b2c409caca507ac6ebeca0915ad1280c89a094c845403ed46a9417e0e4a1163,.psd1,,,,,,
scripts/MSRD-Collect/Modules/Scenarios/MSRDCollect.RemoteAssist.psm1,20185,456a9124476a691141bba4d2ca2eacf7ad2c977616a68a51d27acc6f4e799be6,.psm1,,,,,,
scripts/MSRD-Collect/Modules/Scenarios/MSRDCollect.SmartCard.Catalog.psd1,16689,99f8a2c377772ac7df552fccf0fe07b1dfc4f02864503b81e64a50cd4454a9fd,.psd1,,,,,,
scripts/MSRD-Collect/Modules/Scenarios/MSRDCollect.SmartCard.psm1,16819,3311d82a173cb314c9ddce1fda5865ff98e10832608c2650b869f84768ebebd3,.psm1,,,,,,
scripts/MSRD-Collect/Modules/Scenarios/MSRDCollect.Teams.Catalog.psd1,19160,ac47966d959b9cdaec1b10a1a7a7be02172aa975d386374c9789a9ea7a3bd088,.psd1,,,,,,
scripts/MSRD-Collect/Modules/Scenarios/MSRDCollect.Teams.psm1,17742,4ff43d03e65b14f79dfa52c9361c5ef3cf7ed2078079c022025004eb137f3898,.psm1,,,,,,
scripts/MSRD-Collect/Modules/Scenarios/MSRDCollect.Tracing.psm1,24891,f031c94d27dcf73bceff63b625f6f27dc37f55c2482bb9d3689c93280a65e5f5,.psm1,,,,,,
scripts/MSRD-Collect/Resources/Icons/MSRDCollect.About.ico,52690,8d9ea3b6dee47c19084f49a00691584a4f84a4f1c509c300d54f23215557c860,.ico,,,,,,
scripts/MSRD-Collect/Resources/Icons/MSRDCollect.Config.ico,58112,61c7bd5d0c8d23d8eb2df63ad5f6c9cb395aa316cac124cfa624ef554af45801,.ico,,,,,,
scripts/MSRD-Collect/Resources/Icons/MSRDCollect.Copilot.ico,15406,87547088ebfbe90de71a7005befcb49de9744c09cd2546a4864f92e090300837,.ico,,,,,,
scripts/MSRD-Collect/Resources/Icons/MSRDCollect.DiagReport.ico,67461,c156fa13b2c9cfe0e42e74756d08351f20859e34353a9933345b9667ad119329,.ico,,,,,,
scripts/MSRD-Collect/Resources/Icons/MSRDCollect.Docs.ico,46228,2eae12d276d650b1ad6618e6f50527d856f0fdc35b5349030d7a473b48bb3ed1,.ico,,,,,,
scripts/MSRD-Collect/Resources/Icons/MSRDCollect.Download.ico,75626,fafdf81d1d5c874bc6fc385f0cafe1fc23ded7208781fe59ee525b887e063989,.ico,,,,,,
scripts/MSRD-Collect/Resources/Icons/MSRDCollect.Exit.ico,29926,357786f4070c0354b9b9e7131f977dc6d5cd7bbcc201385a09269f2bf520fd1b,.ico,,,,,,
scripts/MSRD-Collect/Resources/Icons/MSRDCollect.Feedback.ico,47011,11c8d90d7582e6911eef3f52905279804aec5061b578f4c81f8f38275b964155,.ico,,,,,,
scripts/MSRD-Collect/Resources/Icons/MSRDCollect.Folder.ico,65705,62511f03623cd62f6212e11155073613045f3938f31d6b95536483284df5ee0d,.ico,,,,,,
scripts/MSRD-Collect/Resources/Icons/MSRDCollect.MSRDC.ico,74192,699bcbcf5904bab8cca9f45cad583fba97a8a5e007482f5e616f0f241cae291e,.ico,,,,,,
scripts/MSRD-Collect/Resources/Icons/MSRDCollect.MachineAVD.ico,120522,0efb59eb52aeb20075bd4653b158c580a4e291d3419b38869707df6632df97cc,.ico,,,,,,
scripts/MSRD-Collect/Resources/Icons/MSRDCollect.MachineRDS.ico,164466,042acac0737066e690289b9a30ba39885693abfd8f8a1548ff5475ba6c4ebfb2,.ico,,,,,,
scripts/MSRD-Collect/Resources/Icons/MSRDCollect.MachineW365.ico,64656,fadbfadd74541bb1b934391d156496cedc67f7e03736790778fd3b56c7817e08,.ico,,,,,,
scripts/MSRD-Collect/Resources/Icons/MSRDCollect.ReadMe.ico,95131,bca6dfd56ca6479350b74cb4fdfe54139828fd00b8de6d870f71bfc4e01222a3,.ico,,,,,,
scripts/MSRD-Collect/Resources/Icons/MSRDCollect.RoleSource.ico,56137,6c44359f61f2b2b1b1083be0b786df3ad9044fcc9dce1e525c63342864c13d57,.ico,,,,,,
scripts/MSRD-Collect/Resources/Icons/MSRDCollect.RoleTarget.ico,56213,376d0e6dc4c98bbd3ac8ecfbadef54d43f5037243d66ad91c4132dfb5d190895,.ico,,,,,,
scripts/MSRD-Collect/Resources/Icons/MSRDCollect.ScenarioActivation.ico,150186,9d3beab7a9165190a0066982daeccf43d8bd1f567ca4c7d82f0bdd750c7774e6,.ico,,,,,,
scripts/MSRD-Collect/Resources/Icons/MSRDCollect.ScenarioCore.ico,88897,39f9e59fb0bbc552bad036914cb8f6d7176910b980f8d53783bc82079b4e687c,.ico,,,,,,
scripts/MSRD-Collect/Resources/Icons/MSRDCollect.ScenarioHCI.ico,46310,396004e936e5807a7c4a68c5f57608f587b2807d96ac9f563f03038b3580b98e,.ico,,,,,,
scripts/MSRD-Collect/Resources/Icons/MSRDCollect.ScenarioIME.ico,14846,a0923c028fda33ce611ca33baecee8ec0376877d0758318b3a12edcbfd5fb5c8,.ico,,,,,,
scripts/MSRD-Collect/Resources/Icons/MSRDCollect.ScenarioLiveDiag.ico,19942,62b35630ebc5d3f8abb170b62c3998be1db20c5d09f91e948f2d6243723e47a0,.ico,,,,,,
scripts/MSRD-Collect/Resources/Icons/MSRDCollect.ScenarioMSIXAA.ico,61916,49feb694e786977f161525ed7970fa21efb6fde32100676d6ff9b921ef39d727,.ico,,,,,,
scripts/MSRD-Collect/Resources/Icons/MSRDCollect.ScenarioMSRA.ico,46122,92f828b4b7d4a48b66039d76eb18849e877da657b43b7aacc71b690264c3c853,.ico,,,,,,
scripts/MSRD-Collect/Resources/Icons/MSRDCollect.ScenarioNetTrace.ico,55337,9fb7075c76bcd2d664136091b83878a9d58504745cb425fc5c3b3c0d737c9aec,.ico,,,,,,
scripts/MSRD-Collect/Resources/Icons/MSRDCollect.ScenarioProcDump.ico,5094,f04ef477684a17296266622fcebe0719d1be42229be2161ceb381b8cfdffba49,.ico,,,,,,
scripts/MSRD-Collect/Resources/Icons/MSRDCollect.ScenarioProfiles.ico,75630,72fcc4d4ea19e0859f40539bca82b34374b06c6b9aa7a0687507b9c741e1f718,.ico,,,,,,
scripts/MSRD-Collect/Resources/Icons/MSRDCollect.ScenarioReportOnly.ico,61180,ccf543e69eea95f9b2a31ba3fd5ed4130305c9b0ac4b17155d62d1fcf1fe849d,.ico,,,,,,
scripts/MSRD-Collect/Resources/Icons/MSRDCollect.ScenarioSCard.ico,4710,16ad7721095c2225c30c9f092759338ca2a7cbb483dd69d44d3faf0804026b05,.ico,,,,,,
scripts/MSRD-Collect/Resources/Icons/MSRDCollect.ScenarioTeams.ico,172066,2d5aa67b8ace13a94fd09316787e3c9aba2adac767b6e2ab769a2265a2ad20f0,.ico,,,,,,
scripts/MSRD-Collect/Resources/Icons/MSRDCollect.ScheduledTask.ico,98665,0495aa5a043368937465b7cf2c17426d3c9b6e82b0a3c26f23ccfcc6699dfd37,.ico,,,,,,
scripts/MSRD-Collect/Resources/Icons/MSRDCollect.Start.ico,46882,0544047d73a97eba2093a2e4c21196d23a3efe5b6e0bfb24b1834e6e084104cc,.ico,,,,,,
scripts/MSRD-Collect/Resources/Icons/MSRDCollect.Update.ico,62046,a1659989803ba96105a1dfb898e326785eef44decba21d4e3039d6fd77fe1ef8,.ico,,,,,,
scripts/MSRD-Collect/Resources/Icons/MSRDCollect.WhatsNew.ico,96109,3ebc022c8ff950a6f2b9ec45077e5a0095c034055afce6d29cba4a361fd92551,.ico,,,,,,
scripts/MSRD-Collect/Resources/Icons/MSRDCollect.Wizard.ico,26054,f66a2387222f46663a0c41bc4cabc3b20d8951827c9b4d271e3fc49641a985f8,.ico,,,,,,
scripts/MSRD-Collect/Resources/Localization/MSRDCollect.Lang-AR.psd1,83452,9e8b1b2d11287ea582f38d3d63b1fd939c0916b51d6fd714da7a33118c8027d5,.psd1,,,,,,
scripts/MSRD-Collect/Resources/Localization/MSRDCollect.Lang-CN.psd1,61900,a2f6235b37e6aaa09fb135d20065fef2cf0d9a670e0c54fdd6f3949867f06c3b,.psd1,,,,,,
scripts/MSRD-Collect/Resources/Localization/MSRDCollect.Lang-CS.psd1,69800,9b970cd6335495010fdcc6873ebf6aa7a16e881889f8b5eae968e5eab9cd7326,.psd1,,,,,,
scripts/MSRD-Collect/Resources/Localization/MSRDCollect.Lang-DE.psd1,71859,ec9068069aef6f688d2b3182d7a0a06d37a3e3565d0d0d1246481d72d91eccc9,.psd1,,,,,,
scripts/MSRD-Collect/Resources/Localization/MSRDCollect.Lang-EN.psd1,64888,0057da7bbe3a73278073f450d41adb885fcebbb2d9ab6cc046161e998bc15d3b,.psd1,,,,,,
scripts/MSRD-Collect/Resources/Localization/MSRDCollect.Lang-ES.psd1,72308,62e5c8e9ece34912695528e9a5048c50fae83edfada46d88620cc97093138f19,.psd1,,,,,,
scripts/MSRD-Collect/Resources/Localization/MSRDCollect.Lang-FR.psd1,74307,221cc611c8f67dd82b9358893f92b71c631478d90b0827a99d28a9b558639e66,.psd1,,,,,,
scripts/MSRD-Collect/Resources/Localization/MSRDCollect.Lang-HI.psd1,117810,6f601111513d8f1cff3d21da2df9c8632e1f3d97f0498d8e2da7aa82571feaa6,.psd1,,,,,,
scripts/MSRD-Collect/Resources/Localization/MSRDCollect.Lang-HU.psd1,73073,d035cf524fbea919ab55c73da063aae1adfbfc3c1f6bda95ec6834809d7b1476,.psd1,,,,,,
scripts/MSRD-Collect/Resources/Localization/MSRDCollect.Lang-IT.psd1,70818,8b66026c4c6b053d38c4f888dddec68e51e0cfe10e8d2802a2c8d78b66951f4f,.psd1,,,,,,
scripts/MSRD-Collect/Resources/Localization/MSRDCollect.Lang-JP.psd1,79989,4ff578ae29f36d94b006a6dacd3cb3f8a1b2faeb25ed4958a354ca2a8c8b96a9,.psd1,,,,,,
scripts/MSRD-Collect/Resources/Localization/MSRDCollect.Lang-KO.psd1,72202,92899e67c7c5adefdffc2c63193b3e65c4648768e3a33bc8be4c6e5e0c88e6e9,.psd1,,,,,,
scripts/MSRD-Collect/Resources/Localization/MSRDCollect.Lang-NL.psd1,69529,e68465a4065de6b67513d27d869a76c5f8b3d053b607300f041d13816195fca1,.psd1,,,,,,
scripts/MSRD-Collect/Resources/Localization/MSRDCollect.Lang-PL.psd1,70726,b4fb26a30536c15f0103048922d9d6ec2613f1d826852a7334df2dd73fd54e39,.psd1,,,,,,
scripts/MSRD-Collect/Resources/Localization/MSRDCollect.Lang-PT.psd1,71666,652b8aa6773d14a5fe45ed08b6d6fd61d535b260d3903c54c44c190d647855f8,.psd1,,,,,,
scripts/MSRD-Collect/Resources/Localization/MSRDCollect.Lang-RO.psd1,71519,8066ba1187615c10af9ec5dd0ae5ee72679f89732a63bce3ecdeeb4e13eea4c8,.psd1,,,,,,
scripts/MSRD-Collect/Resources/Localization/MSRDCollect.Lang-TR.psd1,70320,e7045c19221d2d1e09d72240776b85a495032815b9f6006603a4276f8c80d91b,.psd1,,,,,,
scripts/MSRD-Collect/Resources/Localization/MSRDCollect.Lang-TW.psd1,62754,973208ad23f0fde4dd3dfe542055019b7b3d5fe81c0c4892c69d925d233a37da,.psd1,,,,,,
scripts/Print-Collect.ps1,60104,5cf947cb8e86a0824102e2cd1b19a4be6a890ae886d0f0c24ab96feec6ef5b76,.ps1,,,,,,
scripts/PrivateCloud.DiagnosticInfo/PrivateCloud.DiagnosticInfo.psd1,18124,66a60145174a99086a6ecedb9337126998dcb82b5d0c8164044594b34ae30c01,.psd1,,,,,,
scripts/PrivateCloud.DiagnosticInfo/PrivateCloud.DiagnosticInfo.psm1,270941,b2de94e6df91c6e7c34f7f4cf657c7d61ed70dad13f307a7155ef3f4c2a45650,.psm1,,,,,,
scripts/PrivateCloud.DiagnosticInfo/version_SDDC.dat,21,9145678c458d767d8a4977dadb9295df3a31dd7717755579351e930ed7364c67,.dat,,,,,,
scripts/Sched-Collect.ps1,31441,91ec01737ee311ac75ae29aec47c18230c19da4f21de4008b768edfa73c0fb6e,.ps1,,,,,,
scripts/SummaryReliability.vbs,159543,cd5aa838b8963c4909ec8590e66a368356cf2c73c58624d477361658e0b15bb5,.vbs,,,,,,
scripts/WIP_edpconfig.ps1,16195,cb06a1033b1e36732603307bbe2e5dae89ed66e4382e3ddfc035bc9f7c1c5bfc,.ps1,,,,,,
scripts/WMI-Report.ps1,43287,49add67429ef655d664e284369a81db5650479306d4aaeeaa911a9d40b5f89f7,.ps1,,,,,,
scripts/WUErrors.xml,42280,64717bfa068c551d775d41f8ed49bc9ba36d5a38e3c5696076951a19d0d8f0a7,.xml,,,,,,
scripts/WinPE/Collect_Logs.cmd,4947,257a6653469a771ce95b03375d64443104a09e5bbd857b4164bf5a3fc60bacef,.cmd,,,,,,
scripts/WinPE/Enable_Wlan_BootLog.cmd,13897,e388a7fdebe2d06ba35c158c523148ff486ab1d335848462408869f2a0a9ec66,.cmd,,,,,,
scripts/WinPE/Procmon24.SYS,80264,bd0d9ed7211ca75ee2e7942c05f37118cd8e2fbdb9434c03af506fa1756b3f7a,.sys,True,True,True,True,"CN=Microsoft Windows Hardware Compatibility Publisher,O=Microsoft Corporation,L=Redmond,ST=Washington,C=US","CN=Microsoft Windows Third Party Component CA 2012,O=Microsoft Corporation,L=Redmond,ST=Washington,C=US"
scripts/WinPE/_WinPE_README(Instructions).txt,3615,447077c858610cda4721bb383c77328af561f45a32359e776d87c70eabb1c9bc,.txt,,,,,,
scripts/WinRM-Collect.ps1,90154,fa9c16078c0dc519c9211695e9c5282c8da0ed8280efe5cf4f4c221d1a5baa8c,.ps1,,,,,,
scripts/Wmi-Collect.ps1,86723,6ae7453cb5ad5ec55fdb7b909914c848df17a56758077e449e2ce4bf5746f2f9,.ps1,,,,,,
scripts/edputil.ps1,16617,7c0159c337164b6602ebf372224948acd9648f23d9b7d5e25e24973f26c0f713,.ps1,,,,,,
scripts/sample_Convert-WppScenario.ps1,23558,14f19ae4b9e69b365dc88fe358e3b9b7acd3d1131d524bee15efcc8679480e81,.ps1,,,,,,
scripts/sp_sqldiag12.sql,177019,365f8a22dac5a16024e321229b1b192158668f6c7bb3304eb57f024af46ed1c1,.sql,,,,,,
scripts/tss-clock.ps1,19131,f06dde4158c223f96720a73b794136a09bd58be3a43606135acd4c928e1a2205,.ps1,,,,,,
scripts/tss_ADPerfDataCollection.ps1,155630,73fc0dfdb00f9d59815c550282960366be8d96cd1bc996115e5b1ec8e188c76d,.ps1,,,,,,
scripts/tss_ChkSym.ps1,46179,03111ce564b59b6cb1640b964833ce4739ab8c7e068308c69e4b68cb7e0fcbf5,.ps1,,,,,,
scripts/tss_Cluster_GetLogs.ps1,79852,4ddce6f35df925f8c7c67010c5e247f61e98fcb39761ce05f79086894a33b04a,.ps1,,,,,,
scripts/tss_DAclient-collector.ps1,24013,5ceda4ff38ffaad95dc4403a753630ed1c988b9abe13935aed8cbb0ba9fa816f,.ps1,,,,,,
scripts/tss_DND_utils.psm1,48466,272ef77c96ee3e015f4f3775515c43e7b253dd5203f15e9e3d3edf654376e52d,.psm1,,,,,,
scripts/tss_EventCreate.cmd,3542,c7228ed34bfb58ef0175c314e2aea851ebc1741c5293c5ec369c5b76193da437,.cmd,,,,,,
scripts/tss_EventCreate.ps1,21127,aa196f8d6cb2520cbb60ef7974a9d2332133a7ded66cc2b430567478b2292196,.ps1,,,,,,
scripts/tss_ExportVPNProfiles.ps1,15105,e9e90e9e009dc89c0ae79146fe3221d428ecf9061a7e53eb7417a7860b51587e,.ps1,,,,,,
scripts/tss_FindUserBadPwdAttempts.ps1,20956,eed86f080f267db245325e9b012e9928917f93b4617e1484180c83ca8cacb039,.ps1,,,,,,
scripts/tss_GetBluetoothRadioInfo.ps1,19389,8a6bf53f26f4103471c44728ebc26bdd603bcf8d0193663e0bf16a20c1c07dae,.ps1,,,,,,
scripts/tss_GetFarmData.ps1,48842,6bf6be4a1615d33898aa61e92e198f62f42c375649d20c78881145224cfa208d,.ps1,,,,,,
scripts/tss_GetLockoutEvents.ps1,24184,d0571fa6bee64d17bc10291feb5d5e1166451718d03ac297dd7d20ef076979b5,.ps1,,,,,,
scripts/tss_MsDavConnection.ps1,64986,c67ecd416598d2a1bffb7dbef4c98243cad4211b262948ae2f6d741724778fd5,.ps1,,,,,,
scripts/tss_PodDataExtractor.ps1,200066,2717879ff1eea5abf75ebc9ef9fce7de5218832b5c747ad689b846619a1526c2,.ps1,,,,,,
scripts/tss_Purgelog.ps1,22464,b72f358f1011ec14b2862c38f32f24a581d0a0a9d79d1ac9c4a3be002dc07bf8,.ps1,,,,,,
scripts/tss_SCCM_IISVDirInfo.ps1,21338,bbd3816bbdd607fe3b3f90e38ecf076d7727f126484a4e20484f47cdb0607f98,.ps1,,,,,,
scripts/tss_SCCM_IISVDirInfo.vbs,22293,ae2fee91ecbf26c8269b56bc6737386988f7aefc38075404a382cf11e4ecccab,.vbs,,,,,,
scripts/tss_SCCM_WSUSBasicInfo.ps1,27862,0d99753fa3b1084a97c8c4ddf0a5a903c2aafc2ea9c66d8da4c61625ab066234,.ps1,,,,,,
scripts/tss_SCCM_utils.ps1,109664,8a333e02069c60814ddbbb611e85f912283891f4b093342b1b652c8bb7d058aa,.ps1,,,,,,
scripts/tss_SMB_Fix-SmbBindings.ps1,49620,56ce15f0270135502c798a7522922667e7aed464d7d018a54e417e0261a4f235,.ps1,,,,,,
scripts/tss_VMLverbosity.ps1,21640,db06a001603cca84019f83bcd9f3ae98dbdf63071c1facb36f163b5e9d019a2a,.ps1,,,,,,
scripts/tss_WorkFoldersDiag.ps1,31171,2aa616020689f968bae11e6a2e6fdc22426ef1bbad03ce80cca7269cca28c624,.ps1,,,,,,
scripts/utils_CTS.ps1,174142,28a810465d02b5d196292c827026241694dd494764ccb87dd23cd6223fae21ae,.ps1,,,,,,
xray/diag_ads.psm1,29676,a73bff30c963bb1841c8141ea94079fa3519f756d0bf28799c7e30ed98a65fcc,.psm1,,,,,,
xray/diag_api.psm1,43027,25e0bafcbb7616e36580c608425156a2ca400f2c0471200fd816aea0fc345424,.psm1,,,,,,
xray/diag_dnd.psm1,19452,0984326901466134108184e2876bdb40001278cf4d9988fe9873389afc502baa,.psm1,,,,,,
xray/diag_net.psm1,110502,084edd983a8bd9ff523d547045051ad4b1e2a512aaf7d463ae980f3254a53ae7,.psm1,,,,,,
xray/diag_prf.psm1,17342,f984d6394ebf01599114515305afddf26469ebbbfab0d15d7fa97a7720b9248a,.psm1,,,,,,
xray/diag_sha.psm1,14884,3ea6ecf54a9461ac583e07e7826f133ee24572874a8f1ab89746efc110e53668,.psm1,,,,,,
xray/diag_test.psm1,20809,2126049df94c2cd8c6a83ea8466b4c17f307b7405870c494e5541ea8adb82180,.psm1,,,,,,
xray/diag_uex.psm1,19235,30ab9f7c92174250ad2ac7ae661f78ff1ada460e9f091dd613a7976ac7414158,.psm1,,,,,,
xray/readme.md,1900,293a2b0e42fbe8866abf7d32dbc27197ec3ab6cb36694a20c50becaa5aacd24f,.md,,,,,,
xray/xray.ps1,44424,e4cfcd69e25eedca826f85c237d743ab9a690b6d0d5580a199b1a6ee4bf0e1a0,.ps1,,,,,,
xray/xray_WU.psm1,489502,b7b93189eb1a782c40d054982d30743ca29fff3752f3f766c6f89b3b68d0557d,.psm1,,,,,,
